algorithm,maze_rows,maze_cols,density,trial,runtime,peak_memory,path_length,nodes_explored,success
BFS,10,10,0.1,1,0.0002202000468969345,16576,18,90,1
DFS,10,10,0.1,1,0.00026560004334896803,13336,44,50,1
Astar,10,10,0.1,1,0.00040659995283931494,22248,18,89,1
ACO,10,10,0.1,1,0.3563072000397369,33048,18,22236,1
BFS,10,10,0.1,2,0.00013029994443058968,16520,18,92,1
DFS,10,10,0.1,2,0.00019100005738437176,12944,44,48,1
Astar,10,10,0.1,2,0.0002736999886110425,20336,18,85,1
ACO,10,10,0.1,2,0.18338740000035614,6920,18,22503,1
BFS,10,10,0.1,3,0.00014030002057552338,16520,18,88,1
DFS,10,10,0.1,3,0.0002687000669538975,15520,22,74,1
Astar,10,10,0.1,3,0.00024910003412514925,19920,18,88,1
ACO,10,10,0.1,3,0.16697710007429123,7352,18,23292,1
BFS,10,10,0.1,4,0.0001335000852122903,16520,18,92,1
DFS,10,10,0.1,4,0.00018179998733103275,13008,40,48,1
Astar,10,10,0.1,4,0.00023580004926770926,19832,18,86,1
ACO,10,10,0.1,4,0.34456080000381917,7112,18,24371,1
BFS,10,10,0.1,5,0.00014220003504306078,16520,18,94,1
DFS,10,10,0.1,5,0.0002807999262586236,15520,28,72,1
Astar,10,10,0.1,5,0.0002685000654309988,19832,18,89,1
ACO,10,10,0.1,5,0.3246052999747917,7064,18,24325,1
BFS,10,10,0.1,6,0.0001588000450283289,16520,18,95,1
DFS,10,10,0.1,6,0.00032839993946254253,15584,24,77,1
Astar,10,10,0.1,6,0.00030449999030679464,19920,18,95,1
ACO,10,10,0.1,6,0.20763139997143298,6768,18,23045,1
BFS,10,10,0.1,7,0.00011669995728880167,16520,18,92,1
DFS,10,10,0.1,7,0.00022389995865523815,15520,28,69,1
Astar,10,10,0.1,7,0.0002172000240534544,19952,18,81,1
ACO,10,10,0.1,7,0.18812259996775538,6568,18,22211,1
BFS,10,10,0.1,8,0.00012970005627721548,16520,18,92,1
DFS,10,10,0.1,8,0.0001876000314950943,13008,40,49,1
Astar,10,10,0.1,8,0.00024480000138282776,19952,18,88,1
ACO,10,10,0.1,8,0.1875319000100717,6920,18,21797,1
BFS,10,10,0.1,9,0.0001319999573752284,16520,18,96,1
DFS,10,10,0.1,9,0.00018360000103712082,13008,40,44,1
Astar,10,10,0.1,9,0.0005046000005677342,19832,18,91,1
ACO,10,10,0.1,9,0.18856939999386668,7400,18,22186,1
BFS,10,10,0.1,10,0.00012099999003112316,16520,18,93,1
DFS,10,10,0.1,10,0.00027550000231713057,12912,28,58,1
Astar,10,10,0.1,10,0.00023550004698336124,19920,18,92,1
ACO,10,10,0.1,10,0.19265400001313537,7488,18,22435,1
BFS,10,10,0.1,11,0.00012500002048909664,16520,18,89,1
DFS,10,10,0.1,11,0.0001976999919861555,12944,32,55,1
Astar,10,10,0.1,11,0.0002308000111952424,19920,18,87,1
ACO,10,10,0.1,11,0.1821131999604404,9088,18,23907,1
BFS,10,10,0.1,12,0.00011019990779459476,13944,18,84,1
DFS,10,10,0.1,12,0.0001218999968841672,5792,30,33,1
Astar,10,10,0.1,12,0.0001879000337794423,7896,18,70,1
ACO,10,10,0.1,12,0.13830029999371618,6680,18,20738,1
BFS,10,10,0.1,13,0.00011680007446557283,16520,18,88,1
DFS,10,10,0.1,13,0.00016719999257475138,12944,32,50,1
Astar,10,10,0.1,13,0.00032079999800771475,7896,18,71,1
ACO,10,10,0.1,13,0.16922709997743368,7048,18,20276,1
BFS,10,10,0.1,14,0.0001444999361410737,16520,18,89,1
DFS,10,10,0.1,14,0.00020539993420243263,12944,34,55,1
Astar,10,10,0.1,14,0.00021740002557635307,7896,18,75,1
ACO,10,10,0.1,14,0.1805219000671059,6368,18,20589,1
BFS,10,10,0.1,15,0.00013479997869580984,16520,18,86,1
DFS,10,10,0.1,15,0.00016579998191446066,5792,26,41,1
Astar,10,10,0.1,15,0.00020969996694475412,7896,18,68,1
ACO,10,10,0.1,15,0.16297629999462515,6872,18,21097,1
BFS,10,10,0.1,16,0.00011360005009919405,6328,18,74,1
DFS,10,10,0.1,16,0.0001832999987527728,5760,34,52,1
Astar,10,10,0.1,16,0.00019129994325339794,7864,18,74,1
ACO,10,10,0.1,16,0.1606596999336034,5912,18,20933,1
BFS,10,10,0.1,17,0.00011959997937083244,16520,18,91,1
DFS,10,10,0.1,17,0.0001495999749749899,5792,32,44,1
Astar,10,10,0.1,17,0.00020269991364330053,19920,18,83,1
ACO,10,10,0.1,17,0.15885959996376187,7440,18,20125,1
BFS,10,10,0.1,18,0.00013639999087899923,16520,18,90,1
DFS,10,10,0.1,18,0.00011960009578615427,5792,28,29,1
Astar,10,10,0.1,18,0.00024510000366717577,19920,18,88,1
ACO,10,10,0.1,18,0.18663290003314614,6712,18,22614,1
BFS,10,10,0.1,19,0.00013040006160736084,16520,18,87,1
DFS,10,10,0.1,19,0.00019839999731630087,15520,38,58,1
Astar,10,10,0.1,19,0.00023370003327727318,14952,18,81,1
ACO,10,10,0.1,19,0.16071389999706298,6576,18,20200,1
BFS,10,10,0.1,20,0.00013269996270537376,16520,18,90,1
DFS,10,10,0.1,20,0.00022329995408654213,15520,34,63,1
Astar,10,10,0.1,20,0.00024140009190887213,19920,18,90,1
ACO,10,10,0.1,20,0.18713279999792576,7096,18,24692,1
BFS,10,10,0.2,1,0.00011549994815140963,16520,18,86,1
DFS,10,10,0.2,1,0.00023719994351267815,15424,26,71,1
Astar,10,10,0.2,1,0.00019970000721514225,14952,18,77,1
ACO,10,10,0.2,1,0.15811800002120435,6680,18,22333,1
BFS,10,10,0.2,2,0.00011909997556358576,13944,18,83,1
DFS,10,10,0.2,2,0.000139000010676682,5728,24,37,1
Astar,10,10,0.2,2,0.00020180002320557833,7896,18,75,1
ACO,10,10,0.2,2,0.13323230005335063,6616,18,19324,1
BFS,10,10,0.2,3,0.00010549998842179775,13944,18,81,1
DFS,10,10,0.2,3,0.0001990000018849969,5792,20,59,1
Astar,10,10,0.2,3,0.0001973999897018075,14920,18,77,1
ACO,10,10,0.2,3,0.17320409999229014,6360,18,20495,1
BFS,10,10,0.2,4,0.00015129998791962862,13944,18,85,1
DFS,10,10,0.2,4,0.00013929989654570818,5792,26,27,1
Astar,10,10,0.2,4,0.00024999992456287146,7832,18,75,1
ACO,10,10,0.2,4,0.16232200001832098,6648,18,22151,1
BFS,10,10,0.2,5,9.139999747276306e-05,6328,18,58,1
DFS,10,10,0.2,5,8.530006743967533e-05,4032,18,20,1
Astar,10,10,0.2,5,0.00014600006397813559,7864,18,48,1
ACO,10,10,0.2,5,0.12872590008191764,6360,18,19261,1
BFS,10,10,0.2,6,0.00023030000738799572,13944,18,79,1
DFS,10,10,0.2,6,0.0002009000163525343,5792,30,38,1
Astar,10,10,0.2,6,0.0009179000044241548,7832,18,60,1
ACO,10,10,0.2,6,0.15347590006422251,6296,18,19187,1
BFS,10,10,0.2,7,0.00010599999222904444,13944,18,79,1
DFS,10,10,0.2,7,0.00013189995661377907,5792,28,35,1
Astar,10,10,0.2,7,0.00018909992650151253,7864,18,72,1
ACO,10,10,0.2,7,0.1510818999959156,6808,18,22440,1
BFS,10,10,0.2,8,0.0001020999625325203,13944,18,81,1
DFS,10,10,0.2,8,0.00019779999274760485,5728,20,63,1
Astar,10,10,0.2,8,0.00017579994164407253,7832,18,72,1
ACO,10,10,0.2,8,0.14198620000388473,6424,18,20994,1
BFS,10,10,0.2,9,0.00011259992606937885,16520,18,86,1
DFS,10,10,0.2,9,0.0002839000662788749,13008,22,67,1
Astar,10,10,0.2,9,0.0002207000507041812,19888,18,86,1
ACO,10,10,0.2,9,0.14676509995479137,6960,18,21977,1
BFS,10,10,0.2,10,0.00010920001659542322,16520,18,86,1
DFS,10,10,0.2,10,0.0003501999890431762,5792,24,58,1
Astar,10,10,0.2,10,0.00018639990594238043,7832,18,72,1
ACO,10,10,0.2,10,0.13713930000085384,6872,18,20122,1
BFS,10,10,0.2,11,0.00010389997623860836,13944,18,81,1
DFS,10,10,0.2,11,0.00015089998487383127,5728,38,42,1
Astar,10,10,0.2,11,0.00015419989358633757,7896,18,54,1
ACO,10,10,0.2,11,0.15099940006621182,6616,18,20829,1
BFS,10,10,0.2,12,0.00010830000974237919,6328,18,76,1
DFS,10,10,0.2,12,0.0002185999182984233,5728,24,64,1
Astar,10,10,0.2,12,0.0001748999347910285,7864,18,62,1
ACO,10,10,0.2,12,0.17182959988713264,6616,18,23390,1
BFS,10,10,0.2,13,0.00010429997928440571,13944,18,77,1
DFS,10,10,0.2,13,0.00013189995661377907,5792,32,34,1
Astar,10,10,0.2,13,0.0001732999226078391,7864,18,63,1
ACO,10,10,0.2,13,0.13059479999355972,6488,18,19394,1
BFS,10,10,0.2,14,9.34000127017498e-05,6328,18,63,1
DFS,10,10,0.2,14,0.0002095999661833048,5728,22,64,1
Astar,10,10,0.2,14,0.00010059995111078024,5048,18,30,1
ACO,10,10,0.2,14,0.13173020002432168,6424,18,18523,1
BFS,10,10,0.2,15,0.00010030006524175406,6328,18,66,1
DFS,10,10,0.2,15,0.0002837000647559762,12880,22,76,1
Astar,10,10,0.2,15,0.00014819996431469917,7832,18,43,1
ACO,10,10,0.2,15,0.10546069999691099,6360,18,15581,1
BFS,10,10,0.2,16,0.00011039990931749344,13944,18,80,1
DFS,10,10,0.2,16,0.00022219994571059942,12848,20,67,1
Astar,10,10,0.2,16,0.0001642999704927206,7896,18,60,1
ACO,10,10,0.2,16,0.15058210003189743,6232,18,20334,1
BFS,10,10,0.2,17,0.00010629999451339245,6328,18,75,1
DFS,10,10,0.2,17,0.0001876000314950943,5760,24,56,1
Astar,10,10,0.2,17,0.00016300007700920105,7896,18,62,1
ACO,10,10,0.2,17,0.13651199999731034,5912,18,19171,1
BFS,10,10,0.2,18,0.00012940005399286747,13944,18,81,1
DFS,10,10,0.2,18,0.00013830000534653664,5760,32,35,1
Astar,10,10,0.2,18,0.00019569997675716877,7864,18,59,1
ACO,10,10,0.2,18,0.16004709992557764,6520,18,18623,1
BFS,10,10,0.2,19,0.00010459998156875372,6328,20,69,1
DFS,10,10,0.2,19,0.00015059998258948326,5728,30,38,1
Astar,10,10,0.2,19,0.00017629994545131922,7832,20,60,1
ACO,10,10,0.2,19,0.14850390003994107,6552,20,20469,1
BFS,10,10,0.2,20,0.00012430001515895128,13944,18,81,1
DFS,10,10,0.2,20,0.00014030002057552338,5792,20,32,1
Astar,10,10,0.2,20,0.0001697998959571123,7896,18,50,1
ACO,10,10,0.2,20,0.13191640004515648,6232,18,17654,1
BFS,10,10,0.3,1,9.450002107769251e-05,6328,18,65,1
DFS,10,10,0.3,1,0.00018339999951422215,5728,22,47,1
Astar,10,10,0.3,1,0.00012919993605464697,7896,18,39,1
ACO,10,10,0.3,1,0.12672549998387694,6808,18,19623,1
BFS,10,10,0.3,2,9.66999214142561e-05,6328,18,65,1
DFS,10,10,0.3,2,0.00020350003615021706,5728,24,58,1
Astar,10,10,0.3,2,0.00021399999968707561,7864,18,46,1
ACO,10,10,0.3,2,0.12448800005950034,7000,18,18140,1
BFS,10,10,0.3,3,0.00010920001659542322,6328,18,70,1
DFS,10,10,0.3,3,0.0001898000482469797,5696,28,52,1
Astar,10,10,0.3,3,0.00013860000763088465,7832,18,44,1
ACO,10,10,0.3,3,0.14879259990993887,7000,20,20635,1
BFS,10,10,0.3,4,0.00010599999222904444,6328,18,76,1
DFS,10,10,0.3,4,0.00020769995171576738,5664,22,57,1
Astar,10,10,0.3,4,0.00016029994003474712,7896,18,55,1
ACO,10,10,0.3,4,0.12828770000487566,6232,18,18873,1
BFS,10,10,0.3,5,0.00010060006752610207,6328,18,72,1
DFS,10,10,0.3,5,0.00014450005255639553,5760,30,39,1
Astar,10,10,0.3,5,0.00019340007565915585,7864,18,67,1
ACO,10,10,0.3,5,0.13591870001982898,6040,18,19880,1
BFS,10,10,0.3,6,0.00010579999070614576,6328,18,76,1
DFS,10,10,0.3,6,0.00022789998911321163,5728,22,65,1
Astar,10,10,0.3,6,0.0001620999537408352,7896,18,60,1
ACO,10,10,0.3,6,0.14744669990614057,6680,18,21902,1
BFS,10,10,0.3,7,9.26000066101551e-05,6328,18,64,1
DFS,10,10,0.3,7,0.00018319999799132347,5728,18,52,1
Astar,10,10,0.3,7,0.00014539994299411774,7832,18,53,1
ACO,10,10,0.3,7,0.1431066000368446,7000,18,20235,1
BFS,10,10,0.3,8,9.640003554522991e-05,6328,18,74,1
DFS,10,10,0.3,8,0.0001832999987527728,5792,20,51,1
Astar,10,10,0.3,8,0.00015059998258948326,7832,18,56,1
ACO,10,10,0.3,8,0.11532029998488724,6424,18,17593,1
BFS,10,10,0.3,9,9.360001422464848e-05,6328,18,71,1
DFS,10,10,0.3,9,0.00013520009815692902,5728,30,38,1
Astar,10,10,0.3,9,9.980006143450737e-05,5016,18,35,1
ACO,10,10,0.3,9,0.1190686000045389,6936,18,18224,1
BFS,10,10,0.3,10,0.00010250008199363947,6328,18,76,1
DFS,10,10,0.3,10,0.00012720003724098206,5728,22,34,1
Astar,10,10,0.3,10,0.00014729995746165514,7896,18,53,1
ACO,10,10,0.3,10,0.12312320002820343,6360,18,19158,1
BFS,10,10,0.3,11,0.00014480005484074354,6328,18,67,1
DFS,10,10,0.3,11,0.00013780000153928995,5696,20,39,1
Astar,10,10,0.3,11,0.0002226999495178461,7896,18,48,1
ACO,10,10,0.3,11,0.13139560003764927,6552,18,18344,1
BFS,10,10,0.3,12,8.950009942054749e-05,6328,18,62,1
DFS,10,10,0.3,12,0.0001012999564409256,4032,18,25,1
Astar,10,10,0.3,12,0.00013509998098015785,7832,18,47,1
ACO,10,10,0.3,12,0.11474579991772771,6872,18,17787,1
BFS,10,10,0.3,13,9.560002945363522e-05,6328,18,73,1
DFS,10,10,0.3,13,0.00010110007133334875,4032,24,28,1
Astar,10,10,0.3,13,0.00018259999342262745,7864,18,65,1
ACO,10,10,0.3,13,0.13465939997695386,6840,20,20733,1
BFS,10,10,0.3,14,0.00014140002895146608,6328,18,61,1
DFS,10,10,0.3,14,0.00014210003428161144,5792,34,39,1
Astar,10,10,0.3,14,0.00013970001600682735,7896,18,47,1
ACO,10,10,0.3,14,0.12184150004759431,6232,18,18158,1
BFS,10,10,0.3,15,7.940002251416445e-05,6328,20,61,1
DFS,10,10,0.3,15,0.00010710000060498714,5728,22,29,1
Astar,10,10,0.3,15,0.00012940005399286747,7832,20,49,1
ACO,10,10,0.3,15,0.15130789997056127,6360,20,18697,1
BFS,10,10,0.3,16,0.00014659995213150978,6328,18,57,1
DFS,10,10,0.3,16,0.00014329992700368166,5728,22,29,1
Astar,10,10,0.3,16,0.00016529997810721397,7832,18,52,1
ACO,10,10,0.3,16,0.13005269994027913,6104,18,18137,1
BFS,10,10,0.3,17,8.9599983766675e-05,6328,18,68,1
DFS,10,10,0.3,17,0.0001751999370753765,5728,22,51,1
Astar,10,10,0.3,17,0.0001428000396117568,7896,18,46,1
ACO,10,10,0.3,17,0.14799830003175884,7160,18,21343,1
BFS,10,10,0.3,18,9.790004696696997e-05,6328,18,65,1
DFS,10,10,0.3,18,0.00012800004333257675,5696,22,33,1
Astar,10,10,0.3,18,0.00013050006236881018,5016,18,34,1
ACO,10,10,0.3,18,0.10559260006994009,6808,18,15582,1
BFS,10,10,0.3,19,0.00011040002573281527,6328,18,75,1
DFS,10,10,0.3,19,0.000282399938441813,5728,26,45,1
Astar,10,10,0.3,19,0.0001713000237941742,7896,18,55,1
ACO,10,10,0.3,19,0.1303016000892967,6552,18,18333,1
BFS,10,10,0.3,20,8.919998072087765e-05,6328,18,54,1
DFS,10,10,0.3,20,0.00017220003064721823,5728,18,44,1
Astar,10,10,0.3,20,0.00016029994003474712,7832,18,51,1
ACO,10,10,0.3,20,0.11791350005660206,6360,18,17246,1
BFS,10,10,0.4,1,8.649996016174555e-05,6328,18,52,1
DFS,10,10,0.4,1,9.159999899566174e-05,4032,18,22,1
Astar,10,10,0.4,1,0.00011819996871054173,7832,18,39,1
ACO,10,10,0.4,1,0.10719819995574653,6360,18,17208,1
BFS,10,10,0.4,2,7.479998748749495e-05,6328,18,59,1
DFS,10,10,0.4,2,0.00012229999992996454,4032,18,36,1
Astar,10,10,0.4,2,8.779997006058693e-05,5048,18,28,1
ACO,10,10,0.4,2,0.11007670010440052,7000,18,18326,1
BFS,10,10,0.4,3,6.759993266314268e-05,6328,18,44,1
DFS,10,10,0.4,3,0.000116499955765903,4032,24,33,1
Astar,10,10,0.4,3,0.00010289996862411499,5072,18,28,1
ACO,10,10,0.4,3,0.14644409995526075,7000,18,18786,1
BFS,10,10,0.4,4,0.00010029994882643223,6328,18,65,1
DFS,10,10,0.4,4,0.0001278999261558056,4096,18,35,1
Astar,10,10,0.4,4,0.00013049994595348835,7896,18,40,1
ACO,10,10,0.4,4,0.10926549998112023,7000,18,16962,1
BFS,10,10,0.4,5,7.129996083676815e-05,6328,18,51,1
DFS,10,10,0.4,5,0.00011639995500445366,4000,24,28,1
Astar,10,10,0.4,5,8.429994340986013e-05,5048,18,27,1
ACO,10,10,0.4,5,0.13906449999194592,7256,22,22523,1
BFS,10,10,0.4,6,8.199992589652538e-05,6328,18,51,1
DFS,10,10,0.4,6,0.00014340004418045282,5728,18,37,1
Astar,10,10,0.4,6,0.00011490005999803543,5072,18,35,1
ACO,10,10,0.4,6,0.102625000057742,6616,18,15634,1
BFS,10,10,0.4,7,9.990006219595671e-05,6328,20,67,1
DFS,10,10,0.4,7,0.0001235000090673566,4032,22,32,1
Astar,10,10,0.4,7,0.00017280003521591425,7864,20,49,1
ACO,10,10,0.4,7,0.17758649995084852,18072,24,27017,1
BFS,10,10,0.4,8,9.949994273483753e-05,6328,18,70,1
DFS,10,10,0.4,8,0.0001604000572115183,5728,18,48,1
Astar,10,10,0.4,8,0.00011760008055716753,7832,18,38,1
ACO,10,10,0.4,8,0.11834249994717538,6360,18,18829,1
BFS,10,10,0.4,9,6.809993647038937e-05,6328,18,45,1
DFS,10,10,0.4,9,0.00010269996710121632,4032,18,25,1
Astar,10,10,0.4,9,8.969998452812433e-05,5072,18,28,1
ACO,10,10,0.4,9,0.12096059997566044,7000,18,17866,1
BFS,10,10,0.4,10,8.510006591677666e-05,6328,18,55,1
DFS,10,10,0.4,10,0.00019599997904151678,5728,22,50,1
Astar,10,10,0.4,10,0.00011469994205981493,5048,18,34,1
ACO,10,10,0.4,10,0.1152840000577271,7000,18,19006,1
BFS,10,10,0.4,11,6.97999494150281e-05,6328,18,55,1
DFS,10,10,0.4,11,0.00014160003047436476,5728,26,40,1
Astar,10,10,0.4,11,0.00012790004257112741,7832,18,49,1
ACO,10,10,0.4,11,0.13617059995885938,6872,18,18442,1
BFS,10,10,0.4,12,7.670000195503235e-05,6328,18,50,1
DFS,10,10,0.4,12,8.619995787739754e-05,4096,18,20,1
Astar,10,10,0.4,12,0.00012440001592040062,7832,18,41,1
ACO,10,10,0.4,12,0.1411884999834001,7000,18,18822,1
BFS,10,10,0.4,13,8.779997006058693e-05,6328,18,56,1
DFS,10,10,0.4,13,0.00015680002979934216,5728,24,37,1
Astar,10,10,0.4,13,0.0001362999901175499,5048,18,34,1
ACO,10,10,0.4,13,0.15247159998398274,7000,18,19936,1
BFS,10,10,0.4,14,9.370001498609781e-05,6328,18,62,1
DFS,10,10,0.4,14,0.00016439997125416994,5696,20,42,1
Astar,10,10,0.4,14,0.00011730007827281952,5048,18,35,1
ACO,10,10,0.4,14,0.12627520004753023,6808,18,19369,1
BFS,10,10,0.4,15,7.6299998909235e-05,6328,20,48,1
DFS,10,10,0.4,15,0.0001230000052601099,4000,22,32,1
Astar,10,10,0.4,15,0.00010240008123219013,5048,20,30,1
ACO,10,10,0.4,15,0.11810960003640503,7000,20,18692,1
BFS,10,10,0.4,16,0.0001007000682875514,6328,18,59,1
DFS,10,10,0.4,16,0.00017380004283040762,5664,24,43,1
Astar,10,10,0.4,16,0.00012900005094707012,7896,18,37,1
ACO,10,10,0.4,16,0.135780300013721,7128,18,18802,1
BFS,10,10,0.4,17,8.540006820112467e-05,6328,18,63,1
DFS,10,10,0.4,17,0.00017900008242577314,5728,18,53,1
Astar,10,10,0.4,17,0.0001398000167682767,7896,18,51,1
ACO,10,10,0.4,17,0.12316800002008677,7064,18,19407,1
BFS,10,10,0.4,18,9.680003859102726e-05,6328,18,67,1
DFS,10,10,0.4,18,0.00015470001380890608,5792,30,42,1
Astar,10,10,0.4,18,0.00012919993605464697,7896,18,43,1
ACO,10,10,0.4,18,0.1216366000007838,6808,18,18234,1
BFS,10,10,0.4,19,7.159996312111616e-05,4696,24,42,1
DFS,10,10,0.4,19,0.0001303000608459115,4000,24,33,1
Astar,10,10,0.4,19,0.00011889997404068708,5040,24,33,1
ACO,10,10,0.4,19,0.14169519999995828,8280,24,21146,1
BFS,10,10,0.4,20,8.059991523623466e-05,6328,18,51,1
DFS,10,10,0.4,20,0.00012769992463290691,4000,20,32,1
Astar,10,10,0.4,20,0.00013349996879696846,7864,18,36,1
ACO,10,10,0.4,20,0.11927260004449636,6360,18,18580,1
BFS,20,20,0.1,1,0.0004393999697640538,61960,38,361,1
DFS,20,20,0.1,1,0.000328000052832067,23040,96,100,1
Astar,20,20,0.1,1,0.0010756999254226685,80136,38,335,1
ACO,20,20,0.1,1,0.4721628000261262,27312,42,41327,1
BFS,20,20,0.1,2,0.00042180006857961416,61960,38,372,1
DFS,20,20,0.1,2,0.000761799979954958,61888,112,253,1
Astar,20,20,0.1,2,0.0010810000821948051,79376,38,363,1
ACO,20,20,0.1,2,0.45985600003041327,21272,42,42274,1
BFS,20,20,0.1,3,0.0004053999437019229,61960,38,361,1
DFS,20,20,0.1,3,0.0007374000269919634,61728,120,246,1
Astar,20,20,0.1,3,0.0008448000298812985,80088,38,334,1
ACO,20,20,0.1,3,0.5064869000343606,22016,38,44579,1
BFS,20,20,0.1,4,0.0003831000067293644,61960,38,358,1
DFS,20,20,0.1,4,0.0003704000264406204,22912,64,129,1
Astar,20,20,0.1,4,0.000690499902702868,59912,38,327,1
ACO,20,20,0.1,4,0.3618633000878617,21496,38,32435,1
BFS,20,20,0.1,5,0.0004953999305143952,51704,38,336,1
DFS,20,20,0.1,5,0.0008229999803006649,51472,86,265,1
Astar,20,20,0.1,5,0.0005027999868616462,31832,38,202,1
ACO,20,20,0.1,5,0.3532240999629721,18984,38,28881,1
BFS,20,20,0.1,6,0.000471699982881546,61960,38,360,1
DFS,20,20,0.1,6,0.0005638999864459038,23040,56,170,1
Astar,20,20,0.1,6,0.0007393999258056283,31704,38,291,1
ACO,20,20,0.1,6,0.4493080999236554,21272,38,40334,1
BFS,20,20,0.1,7,0.00040930008981376886,61960,38,365,1
DFS,20,20,0.1,7,0.0004425999941304326,22912,126,135,1
Astar,20,20,0.1,7,0.0007702000439167023,79376,38,326,1
ACO,20,20,0.1,7,0.43874759995378554,21312,38,36216,1
BFS,20,20,0.1,8,0.00043990008998662233,61960,38,358,1
DFS,20,20,0.1,8,0.0007828000234439969,51632,108,245,1
Astar,20,20,0.1,8,0.0010330999502912164,79376,38,341,1
ACO,20,20,0.1,8,0.4253412999678403,20720,38,34693,1
BFS,20,20,0.1,9,0.0004529000725597143,61960,38,355,1
DFS,20,20,0.1,9,0.00042610010132193565,23040,94,113,1
Astar,20,20,0.1,9,0.0008181000594049692,79344,38,331,1
ACO,20,20,0.1,9,0.39171160000842065,21536,40,35456,1
BFS,20,20,0.1,10,0.00039549998473376036,61960,38,365,1
DFS,20,20,0.1,10,0.0006445999024435878,51632,112,216,1
Astar,20,20,0.1,10,0.0007649000035598874,79824,38,319,1
ACO,20,20,0.1,10,0.46262660005595535,22240,38,42287,1
BFS,20,20,0.1,11,0.0003974999999627471,61960,38,372,1
DFS,20,20,0.1,11,0.00040849996730685234,23040,102,135,1
Astar,20,20,0.1,11,0.0008146999171003699,79440,38,348,1
ACO,20,20,0.1,11,0.48377260006964207,22920,38,41874,1
BFS,20,20,0.1,12,0.0004341999301686883,61960,38,360,1
DFS,20,20,0.1,12,0.0005222000181674957,22912,114,155,1
Astar,20,20,0.1,12,0.0007208999013528228,31832,38,286,1
ACO,20,20,0.1,12,0.4136919000884518,20568,40,38493,1
BFS,20,20,0.1,13,0.00043430004734545946,61960,38,360,1
DFS,20,20,0.1,13,0.0005008999723941088,23040,130,158,1
Astar,20,20,0.1,13,0.000759500078856945,59880,38,323,1
ACO,20,20,0.1,13,0.4759007999673486,20808,40,42647,1
BFS,20,20,0.1,14,0.000470799976028502,61960,38,357,1
DFS,20,20,0.1,14,0.00045769999269396067,22912,94,127,1
Astar,20,20,0.1,14,0.0009207000257447362,79376,38,340,1
ACO,20,20,0.1,14,0.4557833999861032,22272,38,40425,1
BFS,20,20,0.1,15,0.0003960999893024564,61960,38,358,1
DFS,20,20,0.1,15,0.0005091000348329544,23040,132,158,1
Astar,20,20,0.1,15,0.0007835000287741423,79280,38,340,1
ACO,20,20,0.1,15,0.4313999000005424,20600,38,42446,1
BFS,20,20,0.1,16,0.00042010005563497543,61960,38,357,1
DFS,20,20,0.1,16,0.0006801999406889081,51472,128,232,1
Astar,20,20,0.1,16,0.0008123000152409077,79408,38,343,1
ACO,20,20,0.1,16,0.3786390000022948,21472,38,34161,1
BFS,20,20,0.1,17,0.00040909997187554836,61960,38,371,1
DFS,20,20,0.1,17,0.0006918000290170312,51472,116,218,1
Astar,20,20,0.1,17,0.0008407999994233251,79248,38,368,1
ACO,20,20,0.1,17,0.5279041000176221,30176,40,43941,1
BFS,20,20,0.1,18,0.0004509000573307276,61960,38,366,1
DFS,20,20,0.1,18,0.0007610999746248126,61888,104,252,1
Astar,20,20,0.1,18,0.0007402000483125448,59976,38,311,1
ACO,20,20,0.1,18,0.4243787999730557,21176,40,34648,1
BFS,20,20,0.1,19,0.000408999971114099,61960,38,367,1
DFS,20,20,0.1,19,0.0002984000602737069,15584,54,85,1
Astar,20,20,0.1,19,0.0008277000160887837,79280,38,358,1
ACO,20,20,0.1,19,0.42298720008693635,20176,38,38154,1
BFS,20,20,0.1,20,0.0004412999842315912,61960,38,357,1
DFS,20,20,0.1,20,0.000601499923504889,23040,136,182,1
Astar,20,20,0.1,20,0.0006696999771520495,31832,38,258,1
ACO,20,20,0.1,20,0.3791318000294268,20360,38,33821,1
BFS,20,20,0.2,1,0.0003809999907389283,51704,38,306,1
DFS,20,20,0.2,1,0.0005637999856844544,22816,128,176,1
Astar,20,20,0.2,1,0.0005701999180018902,31800,38,215,1
ACO,20,20,0.2,1,0.4309199000708759,21016,44,41144,1
BFS,20,20,0.2,2,0.000381199992261827,51704,38,328,1
DFS,20,20,0.2,2,0.0002614000113680959,15584,64,77,1
Astar,20,20,0.2,2,0.000633200048469007,31768,38,272,1
ACO,20,20,0.2,2,0.45476699993014336,21312,38,41937,1
BFS,20,20,0.2,3,0.00035099999513477087,51704,38,322,1
DFS,20,20,0.2,3,0.0004790000384673476,22752,78,146,1
Astar,20,20,0.2,3,0.0005113999359309673,31768,38,210,1
ACO,20,20,0.2,3,0.37236640008632094,19728,38,31579,1
BFS,20,20,0.2,4,0.00047530001029372215,51704,38,333,1
DFS,20,20,0.2,4,0.0003136999439448118,15584,80,83,1
Astar,20,20,0.2,4,0.0006451000226661563,31736,38,240,1
ACO,20,20,0.2,4,0.4171922999667004,19304,42,40100,1
BFS,20,20,0.2,5,0.00042020005639642477,51704,38,330,1
DFS,20,20,0.2,5,0.0006616999162361026,22912,120,211,1
Astar,20,20,0.2,5,0.0006283000111579895,31768,38,260,1
ACO,20,20,0.2,5,0.45671150006819516,21040,38,44626,1
BFS,20,20,0.2,6,0.0003952999832108617,51704,38,322,1
DFS,20,20,0.2,6,0.0005706000374630094,22912,94,167,1
Astar,20,20,0.2,6,0.000595899997279048,31800,38,241,1
ACO,20,20,0.2,6,0.4337264000205323,22088,38,42213,1
BFS,20,20,0.2,7,0.0003397000255063176,51704,38,311,1
DFS,20,20,0.2,7,0.0004970000591129065,22816,116,170,1
Astar,20,20,0.2,7,0.0006885000038892031,31768,38,218,1
ACO,20,20,0.2,7,0.343027799972333,19344,40,34115,1
BFS,20,20,0.2,8,0.0004048999398946762,51704,38,312,1
DFS,20,20,0.2,8,0.0002821000525727868,15520,66,78,1
Astar,20,20,0.2,8,0.0005636999849230051,31768,38,220,1
ACO,20,20,0.2,8,0.41254150005988777,21736,38,38322,1
BFS,20,20,0.2,9,0.0003773999633267522,51704,38,320,1
DFS,20,20,0.2,9,0.0007479999912902713,51184,68,260,1
Astar,20,20,0.2,9,0.0005802999949082732,31800,38,254,1
ACO,20,20,0.2,9,0.4483002000488341,19880,38,39891,1
BFS,20,20,0.2,10,0.0003961999900639057,51704,38,329,1
DFS,20,20,0.2,10,0.00029980007093399763,15584,74,94,1
Astar,20,20,0.2,10,0.0006362999556586146,31832,38,276,1
ACO,20,20,0.2,10,0.48112610005773604,21872,40,43347,1
BFS,20,20,0.2,11,0.0003567000385373831,51704,38,310,1
DFS,20,20,0.2,11,0.0015486000338569283,22816,64,240,1
Astar,20,20,0.2,11,0.0004908000119030476,31928,38,204,1
ACO,20,20,0.2,11,0.37878649996127933,20024,42,37717,1
BFS,20,20,0.2,12,0.00034580007195472717,51704,38,318,1
DFS,20,20,0.2,12,0.0002543999580666423,15584,68,78,1
Astar,20,20,0.2,12,0.000598000013269484,31800,38,270,1
ACO,20,20,0.2,12,0.3260709000751376,19392,38,33875,1
BFS,20,20,0.2,13,0.0003291000612080097,23560,42,293,1
DFS,20,20,0.2,13,0.0007372000254690647,22720,54,254,1
Astar,20,20,0.2,13,0.0009205000242218375,31768,42,288,1
ACO,20,20,0.2,13,0.39296009996905923,20336,42,36279,1
BFS,20,20,0.2,14,0.0003557000309228897,51704,38,323,1
DFS,20,20,0.2,14,0.0006547999801114202,22912,96,225,1
Astar,20,20,0.2,14,0.0005317999748513103,31768,38,233,1
ACO,20,20,0.2,14,0.41211620008107275,21264,38,36548,1
BFS,20,20,0.2,15,0.00038240000139921904,51704,38,317,1
DFS,20,20,0.2,15,0.00045419996604323387,23040,106,132,1
Astar,20,20,0.2,15,0.0005285999504849315,31768,38,213,1
ACO,20,20,0.2,15,0.46866710006725043,22552,38,44139,1
BFS,20,20,0.2,16,0.00036349997390061617,51704,38,323,1
DFS,20,20,0.2,16,0.0006619999185204506,22912,88,222,1
Astar,20,20,0.2,16,0.0010578000219538808,31800,38,295,1
ACO,20,20,0.2,16,0.3433426000410691,16928,38,30297,1
BFS,20,20,0.2,17,0.00039039994589984417,51704,38,316,1
DFS,20,20,0.2,17,0.0007020999910309911,22912,72,246,1
Astar,20,20,0.2,17,0.0005845000268891454,31832,38,258,1
ACO,20,20,0.2,17,0.32066570001188666,18328,44,33507,1
BFS,20,20,0.2,18,0.0003800999838858843,51704,38,322,1
DFS,20,20,0.2,18,0.0005607000784948468,22720,86,181,1
Astar,20,20,0.2,18,0.0005146999610587955,31768,38,204,1
ACO,20,20,0.2,18,0.42306100006680936,20240,42,38170,1
BFS,20,20,0.2,19,0.0003696000203490257,51704,38,311,1
DFS,20,20,0.2,19,0.0003149999538436532,15584,68,102,1
Astar,20,20,0.2,19,0.0005465999711304903,31768,38,233,1
ACO,20,20,0.2,19,0.3911065999418497,18880,40,37261,1
BFS,20,20,0.2,20,0.0003766999579966068,51704,38,329,1
DFS,20,20,0.2,20,0.000557800056412816,22912,136,182,1
Astar,20,20,0.2,20,0.0005459999665617943,31832,38,226,1
ACO,20,20,0.2,20,0.5098884999752045,21032,42,43162,1
BFS,20,20,0.3,1,0.00034330005291849375,23560,38,274,1
DFS,20,20,0.3,1,0.0007440000772476196,22720,58,230,1
Astar,20,20,0.3,1,0.0005650999955832958,31800,38,212,1
ACO,20,20,0.3,1,0.1484696000115946,7616,0,16940,0
BFS,20,20,0.3,2,0.00032410002313554287,23560,38,281,1
DFS,20,20,0.3,2,0.0004887999966740608,22624,68,163,1
Astar,20,20,0.3,2,0.00045780010987073183,31736,38,199,1
ACO,20,20,0.3,2,0.29608840006403625,15136,40,27894,1
BFS,20,20,0.3,3,0.0003233000170439482,23560,38,283,1
DFS,20,20,0.3,3,0.0007228999165818095,22752,72,251,1
Astar,20,20,0.3,3,0.000467300065793097,31736,38,204,1
ACO,20,20,0.3,3,0.3465159999905154,17496,38,35904,1
BFS,20,20,0.3,4,0.0003448999486863613,23560,38,271,1
DFS,20,20,0.3,4,0.00035340001340955496,15552,76,98,1
Astar,20,20,0.3,4,0.00040639995131641626,31832,38,148,1
ACO,20,20,0.3,4,0.29773230000864714,11192,40,27703,1
BFS,20,20,0.3,5,0.00030499999411404133,23560,38,248,1
DFS,20,20,0.3,5,0.0006071999669075012,22432,46,214,1
Astar,20,20,0.3,5,0.0003616999601945281,31800,38,146,1
ACO,20,20,0.3,5,0.10015680000651628,7288,0,11994,0
BFS,20,20,0.3,6,0.00027520000003278255,23560,38,239,1
DFS,20,20,0.3,6,0.00048719998449087143,22560,60,160,1
Astar,20,20,0.3,6,0.0002093000803142786,13904,38,75,1
ACO,20,20,0.3,6,0.14396940008737147,15680,0,14863,0
BFS,20,20,0.3,7,0.0002964999293908477,23560,38,230,1
DFS,20,20,0.3,7,0.0006280000088736415,22592,62,187,1
Astar,20,20,0.3,7,0.0002533999504521489,19896,38,85,1
ACO,20,20,0.3,7,0.18277489999309182,8072,42,20855,1
BFS,20,20,0.3,8,0.00030960002914071083,23560,40,267,1
DFS,20,20,0.3,8,0.0003019000869244337,15520,70,88,1
Astar,20,20,0.3,8,0.0007075000321492553,31768,40,173,1
ACO,20,20,0.3,8,0.41554570000153035,13184,44,40160,1
BFS,20,20,0.3,9,0.00042799999937415123,23560,38,299,1
DFS,20,20,0.3,9,0.0006457999115809798,22816,76,185,1
Astar,20,20,0.3,9,0.00047830003313720226,31768,38,173,1
ACO,20,20,0.3,9,0.4011682999553159,20024,38,36791,1
BFS,20,20,0.3,10,0.0003165999660268426,23560,38,272,1
DFS,20,20,0.3,10,0.000653900089673698,22496,58,209,1
Astar,20,20,0.3,10,0.0004533999599516392,31768,38,182,1
ACO,20,20,0.3,10,0.3488192999502644,19680,38,35245,1
BFS,20,20,0.3,11,0.0002218999434262514,23560,42,183,1
DFS,20,20,0.3,11,0.0006735000060871243,22720,52,213,1
Astar,20,20,0.3,11,0.00028719997499138117,19952,42,116,1
ACO,20,20,0.3,11,0.11250270006712526,7616,0,12975,0
BFS,20,20,0.3,12,0.00034499994944781065,23560,38,276,1
DFS,20,20,0.3,12,0.0005030999891459942,22720,80,153,1
Astar,20,20,0.3,12,0.0003624000819399953,19896,38,127,1
ACO,20,20,0.3,12,0.35521239996887743,20600,40,35978,1
BFS,20,20,0.3,13,0.00032190000638365746,23560,38,286,1
DFS,20,20,0.3,13,0.00037859997246414423,15520,54,130,1
Astar,20,20,0.3,13,0.00038929993752390146,31800,38,152,1
ACO,20,20,0.3,13,0.13928410003427416,7976,0,15388,0
BFS,20,20,0.3,14,0.00024309998843818903,23560,38,188,1
DFS,20,20,0.3,14,0.00039389997255057096,15520,42,99,1
Astar,20,20,0.3,14,0.0003242000238969922,19928,38,127,1
ACO,20,20,0.3,14,0.1535697999643162,7432,0,15603,0
BFS,20,20,0.3,15,0.0003151999553665519,23560,38,267,1
DFS,20,20,0.3,15,0.0005267000524327159,22592,78,168,1
Astar,20,20,0.3,15,0.0002693000715225935,19896,38,102,1
ACO,20,20,0.3,15,0.11302819999400526,7480,44,12972,1
BFS,20,20,0.3,16,0.00029390002600848675,23560,54,248,1
DFS,20,20,0.3,16,0.0004891999997198582,22624,70,161,1
Astar,20,20,0.3,16,0.0004640000406652689,31640,54,192,1
ACO,20,20,0.3,16,0.11484489997383207,7592,0,14258,0
BFS,20,20,0.3,17,0.00030289997812360525,23560,38,255,1
DFS,20,20,0.3,17,0.0005556000396609306,22720,70,189,1
Astar,20,20,0.3,17,0.00035619991831481457,31832,38,149,1
ACO,20,20,0.3,17,0.1061099999351427,7744,0,11534,0
BFS,20,20,0.3,18,0.0003370000049471855,23560,40,273,1
DFS,20,20,0.3,18,0.0005032999906688929,22720,64,160,1
Astar,20,20,0.3,18,0.000528800068423152,19896,40,129,1
ACO,20,20,0.3,18,0.12531210004817694,7696,0,10711,0
BFS,20,20,0.3,19,0.0003200999926775694,23560,38,232,1
DFS,20,20,0.3,19,0.00038240000139921904,15456,66,112,1
Astar,20,20,0.3,19,0.0003173000877723098,19896,38,100,1
ACO,20,20,0.3,19,0.35524290008470416,11640,38,33813,1
BFS,20,20,0.3,20,0.0003557999152690172,23560,38,292,1
DFS,20,20,0.3,20,0.00027929991483688354,15520,60,90,1
Astar,20,20,0.3,20,0.0003605999518185854,31800,38,148,1
ACO,20,20,0.3,20,0.3436217999551445,19016,38,35253,1
BFS,20,20,0.4,1,0.0002133999951183796,23560,44,171,1
DFS,20,20,0.4,1,0.00043869996443390846,15392,50,147,1
Astar,20,20,0.4,1,0.0002519999397918582,19952,44,98,1
ACO,20,20,0.4,1,0.05091440002433956,6400,0,4895,0
BFS,20,20,0.4,2,0.0002576999831944704,23560,40,201,1
DFS,20,20,0.4,2,0.0005733000580221415,22432,46,181,1
Astar,20,20,0.4,2,0.0002703999634832144,19832,40,103,1
ACO,20,20,0.4,2,0.29402030003257096,13096,40,28624,1
BFS,20,20,0.4,3,0.0002688999520614743,23560,42,197,1
DFS,20,20,0.4,3,0.00045080005656927824,22624,86,134,1
Astar,20,20,0.4,3,0.00027269998099654913,19896,42,100,1
ACO,20,20,0.4,3,0.18984420003835112,10984,48,22359,1
BFS,20,20,0.4,4,0.000215300009585917,23560,48,185,1
DFS,20,20,0.4,4,0.0003909000661224127,15456,60,124,1
Astar,20,20,0.4,4,0.00038680003490298986,31576,48,170,1
ACO,20,20,0.4,4,0.1167583999922499,6712,0,12185,0
BFS,20,20,0.4,5,0.0002858999650925398,23560,60,215,1
DFS,20,20,0.4,5,0.00043219991493970156,22624,68,137,1
Astar,20,20,0.4,5,0.0004870000993832946,31608,60,208,1
ACO,20,20,0.4,5,0.11952459998428822,6904,0,14034,0
BFS,20,20,0.4,6,0.0002419000957161188,23560,38,196,1
DFS,20,20,0.4,6,0.0004287000047042966,15456,62,141,1
Astar,20,20,0.4,6,0.00021239998750388622,13872,38,73,1
ACO,20,20,0.4,6,0.13361330004408956,7072,0,14844,0
BFS,20,20,0.4,7,0.00023889995645731688,23560,38,208,1
DFS,20,20,0.4,7,0.00045739999040961266,22592,46,148,1
Astar,20,20,0.4,7,0.0003065000055357814,19928,38,123,1
ACO,20,20,0.4,7,0.11366809997707605,6688,0,14099,0
BFS,20,20,0.4,8,0.00024120009038597345,23560,42,219,1
DFS,20,20,0.4,8,0.00034289993345737457,15520,52,115,1
Astar,20,20,0.4,8,0.0002853999612852931,19832,42,117,1
ACO,20,20,0.4,8,0.05749809998087585,7000,0,6566,0
BFS,20,20,0.4,9,0.00019559997599571943,23560,38,175,1
DFS,20,20,0.4,9,0.0004363999469205737,15360,42,154,1
Astar,20,20,0.4,9,0.00021710002329200506,19928,38,91,1
ACO,20,20,0.4,9,0.05998079990968108,6400,0,6672,0
BFS,20,20,0.4,10,0.00020000000949949026,16520,38,155,1
DFS,20,20,0.4,10,0.00037180003710091114,15456,46,114,1
Astar,20,20,0.4,10,0.00040630006697028875,19832,38,105,1
ACO,20,20,0.4,10,0.18616150005254894,11272,40,24413,1
BFS,20,20,0.4,11,0.00024179997853934765,23560,50,207,1
DFS,20,20,0.4,11,0.00039870000910013914,15456,58,132,1
Astar,20,20,0.4,11,0.0004357999423518777,31640,50,176,1
ACO,20,20,0.4,11,0.10546270001213998,6952,0,10017,0
BFS,20,20,0.4,12,0.00023680005688220263,23560,40,192,1
DFS,20,20,0.4,12,0.00034410005901008844,15360,44,105,1
Astar,20,20,0.4,12,0.0003114999271929264,19832,40,119,1
ACO,20,20,0.4,12,0.10028350003995001,6784,0,10184,0
BFS,20,20,0.4,13,0.0002824000548571348,23560,40,230,1
DFS,20,20,0.4,13,0.0004459000192582607,15520,40,143,1
Astar,20,20,0.4,13,0.00034469994716346264,19832,40,141,1
ACO,20,20,0.4,13,0.11007719999179244,6856,0,11386,0
BFS,20,20,0.4,14,0.0002442999975755811,23560,46,197,1
DFS,20,20,0.4,14,0.00024039996787905693,15456,50,71,1
Astar,20,20,0.4,14,0.00044049997813999653,31608,46,176,1
ACO,20,20,0.4,14,0.11310809990391135,6808,0,12462,0
BFS,20,20,0.4,15,0.0002615000121295452,23560,42,227,1
DFS,20,20,0.4,15,0.00027379998937249184,15456,44,86,1
Astar,20,20,0.4,15,0.00037589995190501213,19864,42,153,1
ACO,20,20,0.4,15,0.13089040003251284,6952,0,14871,0
BFS,20,20,0.4,16,0.0002540999557822943,23560,38,204,1
DFS,20,20,0.4,16,0.0002989999484270811,15392,46,90,1
Astar,20,20,0.4,16,0.0002617000136524439,19928,38,96,1
ACO,20,20,0.4,16,0.06325420003850013,6952,0,7049,0
BFS,20,20,0.4,17,0.0002620000159367919,23560,42,233,1
DFS,20,20,0.4,17,0.00033400009851902723,15424,58,116,1
Astar,20,20,0.4,17,0.00039979990106076,31736,42,154,1
ACO,20,20,0.4,17,0.0733638999518007,6904,0,8404,0
BFS,20,20,0.4,18,0.0002253999700769782,23560,46,198,1
DFS,20,20,0.4,18,0.00023140001576393843,15488,52,71,1
Astar,20,20,0.4,18,0.00037650007288903,31672,46,158,1
ACO,20,20,0.4,18,0.11554810008965433,6904,0,14031,0
BFS,20,20,0.4,19,0.0002930000191554427,23560,38,213,1
DFS,20,20,0.4,19,0.00045980000868439674,15456,70,118,1
Astar,20,20,0.4,19,0.0003442999441176653,19896,38,121,1
ACO,20,20,0.4,19,0.14334459998644888,6784,0,14891,0
BFS,20,20,0.4,20,0.0006666999543085694,16520,40,165,1
DFS,20,20,0.4,20,0.0004914000164717436,15392,50,139,1
Astar,20,20,0.4,20,0.0003657001070678234,19960,40,134,1
ACO,20,20,0.4,20,0.10646129993256181,7072,0,13360,0
BFS,40,40,0.1,1,0.0016038999892771244,243208,78,1448,1
DFS,40,40,0.1,1,0.002109199995175004,90816,446,759,1
Astar,40,40,0.1,1,0.0038018999621272087,260328,78,1281,1
ACO,40,40,0.1,1,0.34585340006742626,44160,0,31361,0
BFS,40,40,0.1,2,0.0016023999778553843,243208,78,1429,1
DFS,40,40,0.1,2,0.0030269999988377094,245600,312,1092,1
Astar,40,40,0.1,2,0.002763100084848702,126160,78,1195,1
ACO,40,40,0.1,2,0.5805876000085846,43448,88,45342,1
BFS,40,40,0.1,3,0.0016061000060290098,243208,78,1426,1
DFS,40,40,0.1,3,0.0005840999074280262,62080,182,188,1
Astar,40,40,0.1,3,0.0029037001077085733,125944,78,1203,1
ACO,40,40,0.1,3,0.38926969992462546,43352,0,35738,0
BFS,40,40,0.1,4,0.0018583000637590885,243208,78,1442,1
DFS,40,40,0.1,4,0.0026768000097945333,204624,478,824,1
Astar,40,40,0.1,4,0.0038455999456346035,319984,78,1373,1
ACO,40,40,0.1,4,0.5261183999245986,43736,92,43031,1
BFS,40,40,0.1,5,0.001819700002670288,243208,78,1416,1
DFS,40,40,0.1,5,0.0038665999891236424,245152,206,1195,1
Astar,40,40,0.1,5,0.0036338999634608626,316528,78,1299,1
ACO,40,40,0.1,5,0.7925567999482155,49560,86,63212,1
BFS,40,40,0.1,6,0.0016496999887749553,243208,78,1432,1
DFS,40,40,0.1,6,0.0013645000290125608,62080,182,474,1
Astar,40,40,0.1,6,0.0030879999976605177,316400,78,1331,1
ACO,40,40,0.1,6,0.4148639999330044,43496,0,39696,0
BFS,40,40,0.1,7,0.0018139999592676759,243208,78,1441,1
DFS,40,40,0.1,7,0.003311899956315756,204624,246,1056,1
Astar,40,40,0.1,7,0.0033816000213846564,238600,78,1255,1
ACO,40,40,0.1,7,0.32054679992143065,43712,0,30490,0
BFS,40,40,0.1,8,0.0016271000495180488,243208,78,1443,1
DFS,40,40,0.1,8,0.002919199992902577,205136,330,1040,1
Astar,40,40,0.1,8,0.0028850999660789967,238568,78,1270,1
ACO,40,40,0.1,8,0.35483029996976256,43760,0,29228,0
BFS,40,40,0.1,9,0.0016910999547690153,243208,78,1447,1
DFS,40,40,0.1,9,0.0020710000535473228,91168,420,683,1
Astar,40,40,0.1,9,0.002929199952632189,238568,78,1259,1
ACO,40,40,0.1,9,0.39776209997944534,43856,0,37819,0
BFS,40,40,0.1,10,0.0017091999761760235,243208,78,1443,1
DFS,40,40,0.1,10,0.0008022000547498465,62080,222,232,1
Astar,40,40,0.1,10,0.0030891000060364604,125944,78,1202,1
ACO,40,40,0.1,10,0.3715165000176057,43760,0,31546,0
BFS,40,40,0.1,11,0.0017154000233858824,243208,78,1442,1
DFS,40,40,0.1,11,0.0036896999226883054,245152,194,1210,1
Astar,40,40,0.1,11,0.003160299966111779,238568,78,1246,1
ACO,40,40,0.1,11,0.4185780000407249,43760,0,39316,0
BFS,40,40,0.1,12,0.0018942001042887568,243208,78,1438,1
DFS,40,40,0.1,12,0.0009626999963074923,62080,260,310,1
Astar,40,40,0.1,12,0.0027310000732541084,125944,78,1178,1
ACO,40,40,0.1,12,0.4360453999834135,45240,176,32707,1
BFS,40,40,0.1,13,0.0015959999291226268,243208,78,1448,1
DFS,40,40,0.1,13,0.002556600025855005,205136,440,857,1
Astar,40,40,0.1,13,0.003257000003941357,316432,78,1314,1
ACO,40,40,0.1,13,0.5772798000834882,43880,82,43419,1
BFS,40,40,0.1,14,0.001752199954353273,243208,78,1423,1
DFS,40,40,0.1,14,0.000951100024394691,62080,274,319,1
Astar,40,40,0.1,14,0.0027002000715583563,126608,78,1136,1
ACO,40,40,0.1,14,0.3517379000550136,43280,0,34084,0
BFS,40,40,0.1,15,0.0015691000735387206,243208,78,1438,1
DFS,40,40,0.1,15,0.0021020000567659736,90816,416,732,1
Astar,40,40,0.1,15,0.002368799992837012,126072,78,1016,1
ACO,40,40,0.1,15,0.4138180000009015,43664,102,36710,1
BFS,40,40,0.1,16,0.0015499000437557697,243208,78,1452,1
DFS,40,40,0.1,16,0.0015021000290289521,90816,414,512,1
Astar,40,40,0.1,16,0.0032244999893009663,316528,78,1354,1
ACO,40,40,0.1,16,0.547457900014706,46376,100,41866,1
BFS,40,40,0.1,17,0.0016893999418243766,243208,78,1461,1
DFS,40,40,0.1,17,0.003168499912135303,245152,304,1071,1
Astar,40,40,0.1,17,0.0033171999966725707,316528,78,1328,1
ACO,40,40,0.1,17,0.7716293999692425,47104,96,58006,1
BFS,40,40,0.1,18,0.0018625999800860882,243208,78,1431,1
DFS,40,40,0.1,18,0.001770599978044629,90816,336,513,1
Astar,40,40,0.1,18,0.003266399959102273,238568,78,1244,1
ACO,40,40,0.1,18,0.21805879997555166,43496,0,19029,0
BFS,40,40,0.1,19,0.0015339999226853251,243208,78,1426,1
DFS,40,40,0.1,19,0.0007766000926494598,61888,220,268,1
Astar,40,40,0.1,19,0.0031971000134944916,316528,78,1306,1
ACO,40,40,0.1,19,0.3903989000245929,43352,108,33915,1
BFS,40,40,0.1,20,0.0017320000333711505,243208,78,1429,1
DFS,40,40,0.1,20,0.001631299965083599,90496,272,548,1
Astar,40,40,0.1,20,0.002966900006867945,238568,78,1260,1
ACO,40,40,0.1,20,0.36516090005170554,43424,0,33461,0
BFS,40,40,0.2,1,0.0014746999368071556,202232,78,1280,1
DFS,40,40,0.2,1,0.0014067000010982156,61728,234,492,1
Astar,40,40,0.2,1,0.002590599935501814,125944,78,1087,1
ACO,40,40,0.2,1,0.31472499994561076,39944,0,30478,0
BFS,40,40,0.2,2,0.0013333000242710114,202232,78,1241,1
DFS,40,40,0.2,2,0.0005975000094622374,51632,168,197,1
Astar,40,40,0.2,2,0.0014911000616848469,125944,78,668,1
ACO,40,40,0.2,2,0.2267859000712633,39416,0,21084,0
BFS,40,40,0.2,3,0.0014149000635370612,202232,78,1265,1
DFS,40,40,0.2,3,0.0022844000486657023,90208,234,825,1
Astar,40,40,0.2,3,0.0021988999797031283,126072,78,962,1
ACO,40,40,0.2,3,0.24811519996728748,39632,0,24309,0
BFS,40,40,0.2,4,0.001491399947553873,202232,78,1300,1
DFS,40,40,0.2,4,0.0018207000102847815,90208,410,628,1
Astar,40,40,0.2,4,0.002055899938568473,125944,78,928,1
ACO,40,40,0.2,4,0.3195914999814704,40352,0,26113,0
BFS,40,40,0.2,5,0.001509999972768128,202232,78,1253,1
DFS,40,40,0.2,5,0.0037849999498575926,90208,320,765,1
Astar,40,40,0.2,5,0.0015070999506860971,78584,78,614,1
ACO,40,40,0.2,5,0.2049042999278754,39272,0,18764,0
BFS,40,40,0.2,6,0.0013911999994888902,202232,78,1295,1
DFS,40,40,0.2,6,0.0025788999628275633,90208,312,887,1
Astar,40,40,0.2,6,0.002042099949903786,125976,78,858,1
ACO,40,40,0.2,6,0.2519317000405863,40256,0,20230,0
BFS,40,40,0.2,7,0.0017384999664500356,202232,80,1254,1
DFS,40,40,0.2,7,0.002714899950660765,90496,218,862,1
Astar,40,40,0.2,7,0.002024900051765144,125848,80,806,1
ACO,40,40,0.2,7,0.2221739999949932,39392,0,20704,0
BFS,40,40,0.2,8,0.001384599949233234,202232,78,1282,1
DFS,40,40,0.2,8,0.0012618000619113445,61728,324,427,1
Astar,40,40,0.2,8,0.0023141999263316393,126072,78,912,1
ACO,40,40,0.2,8,0.24144459993112832,40088,0,20880,0
BFS,40,40,0.2,9,0.0014458000659942627,202232,78,1270,1
DFS,40,40,0.2,9,0.0017120999982580543,90208,162,565,1
Astar,40,40,0.2,9,0.0024818999227136374,125976,78,1005,1
ACO,40,40,0.2,9,0.2540320000844076,39704,0,24335,0
BFS,40,40,0.2,10,0.0013822000473737717,202232,78,1277,1
DFS,40,40,0.2,10,0.0024240000639110804,90528,274,840,1
Astar,40,40,0.2,10,0.001871699932962656,125944,78,789,1
ACO,40,40,0.2,10,0.2297520999563858,39848,0,19592,0
BFS,40,40,0.2,11,0.0013765000039711595,202232,78,1245,1
DFS,40,40,0.2,11,0.002845900016836822,90496,262,982,1
Astar,40,40,0.2,11,0.0019815999548882246,125848,78,850,1
ACO,40,40,0.2,11,0.26013850001618266,39152,0,24253,0
BFS,40,40,0.2,12,0.001337599940598011,202232,78,1285,1
DFS,40,40,0.2,12,0.0009199000196531415,61568,232,327,1
Astar,40,40,0.2,12,0.001998100080527365,126072,78,918,1
ACO,40,40,0.2,12,0.23725410003680736,40040,0,20234,0
BFS,40,40,0.2,13,0.0014538000104948878,202232,78,1246,1
DFS,40,40,0.2,13,0.00314990000333637,89984,188,1044,1
Astar,40,40,0.2,13,0.0017596000107005239,125944,78,697,1
ACO,40,40,0.2,13,0.1737603999208659,30928,0,10989,0
BFS,40,40,0.2,14,0.0015348999295383692,202232,78,1257,1
DFS,40,40,0.2,14,0.0028959999326616526,90496,202,940,1
Astar,40,40,0.2,14,0.0020700000459328294,126072,78,839,1
ACO,40,40,0.2,14,0.23561140010133386,39512,0,20679,0
BFS,40,40,0.2,15,0.0015165000222623348,202232,78,1248,1
DFS,40,40,0.2,15,0.0015259999781847,90240,296,533,1
Astar,40,40,0.2,15,0.0018191999988630414,125944,78,798,1
ACO,40,40,0.2,15,0.22536229994148016,39128,0,20640,0
BFS,40,40,0.2,16,0.0013906999956816435,202232,78,1277,1
DFS,40,40,0.2,16,0.0009441999718546867,61888,232,313,1
Astar,40,40,0.2,16,0.001105200033634901,78680,78,470,1
ACO,40,40,0.2,16,0.14414830005262047,39776,0,11099,0
BFS,40,40,0.2,17,0.0014051999896764755,202232,78,1296,1
DFS,40,40,0.2,17,0.002723500016145408,90208,208,972,1
Astar,40,40,0.2,17,0.0022444999776780605,125816,78,975,1
ACO,40,40,0.2,17,0.31774620001669973,40256,0,30432,0
BFS,40,40,0.2,18,0.0013250999618321657,202232,78,1248,1
DFS,40,40,0.2,18,0.002839999971911311,90208,226,1033,1
Astar,40,40,0.2,18,0.0017724999925121665,125944,78,792,1
ACO,40,40,0.2,18,0.25935979990754277,39344,0,22982,0
BFS,40,40,0.2,19,0.001344099990092218,202232,78,1271,1
DFS,40,40,0.2,19,0.0031531999120488763,203792,166,1127,1
Astar,40,40,0.2,19,0.001796599943190813,126072,78,809,1
ACO,40,40,0.2,19,0.25686169997788966,39656,0,22767,0
BFS,40,40,0.2,20,0.0018555999267846346,202232,78,1259,1
DFS,40,40,0.2,20,0.001873199944384396,90496,284,477,1
Astar,40,40,0.2,20,0.0026114999782294035,126072,78,908,1
ACO,40,40,0.2,20,0.22468919993843883,39464,0,20000,0
BFS,40,40,0.3,1,0.0013420999748632312,89608,82,1082,1
DFS,40,40,0.3,1,0.0021419000113382936,89344,144,680,1
Astar,40,40,0.3,1,0.0013827000511810184,78488,82,561,1
ACO,40,40,0.3,1,0.21982240001671016,27496,0,17733,0
BFS,40,40,0.3,2,0.001427199924364686,89608,86,1088,1
DFS,40,40,0.3,2,0.0025345999747514725,89728,180,859,1
Astar,40,40,0.3,2,0.0022097000619396567,126072,86,916,1
ACO,40,40,0.3,2,0.2000020999694243,28328,0,14581,0
BFS,40,40,0.3,3,0.0013695999514311552,89608,78,1091,1
DFS,40,40,0.3,3,0.0030134000116959214,89376,146,972,1
Astar,40,40,0.3,3,0.0011144999880343676,78712,78,450,1
ACO,40,40,0.3,3,0.20319690008182079,36440,0,16772,0
BFS,40,40,0.3,4,0.0011692000553011894,89608,78,1010,1
DFS,40,40,0.3,4,0.0015056999400258064,61472,272,485,1
Astar,40,40,0.3,4,0.0010022000642493367,78488,78,399,1
ACO,40,40,0.3,4,0.1779031999176368,36008,0,14838,0
BFS,40,40,0.3,5,0.0012629000702872872,89608,80,1107,1
DFS,40,40,0.3,5,0.0016916999593377113,61440,270,509,1
Astar,40,40,0.3,5,0.001700800028629601,125944,80,650,1
ACO,40,40,0.3,5,0.13539669988676906,36488,0,9792,0
BFS,40,40,0.3,6,0.0012826999882236123,89608,78,1110,1
DFS,40,40,0.3,6,0.002183699980378151,89984,202,737,1
Astar,40,40,0.3,6,0.0010217999806627631,78584,78,432,1
ACO,40,40,0.3,6,0.1605571999680251,28016,0,10946,0
BFS,40,40,0.3,7,0.0011402999516576529,89608,78,1066,1
DFS,40,40,0.3,7,0.0025898999301716685,89728,126,894,1
Astar,40,40,0.3,7,0.0010231999913230538,78520,78,430,1
ACO,40,40,0.3,7,0.25860519998241216,27896,0,23214,0
BFS,40,40,0.3,8,0.0011367000406607985,89608,82,1030,1
DFS,40,40,0.3,8,0.0014546000165864825,61472,204,475,1
Astar,40,40,0.3,8,0.0010664999717846513,78520,82,454,1
ACO,40,40,0.3,8,0.19154159992467612,27880,0,15678,0
BFS,40,40,0.3,9,0.0013718000845983624,89608,78,1088,1
DFS,40,40,0.3,9,0.0027266000397503376,90208,262,816,1
Astar,40,40,0.3,9,0.0012730000307783484,78616,78,460,1
ACO,40,40,0.3,9,0.16183080000337213,36680,0,11132,0
BFS,40,40,0.3,10,0.00123259995598346,89608,80,1072,1
DFS,40,40,0.3,10,0.001751899952068925,89952,242,579,1
Astar,40,40,0.3,10,0.002377700060606003,78616,80,523,1
ACO,40,40,0.3,10,0.19896329997573048,36008,0,16454,0
BFS,40,40,0.3,11,0.0012740000383928418,89608,82,1078,1
DFS,40,40,0.3,11,0.0018867000471800566,89728,160,640,1
Astar,40,40,0.3,11,0.0009460001019760966,78520,82,395,1
ACO,40,40,0.3,11,0.10839469998609275,27736,0,5691,0
BFS,40,40,0.3,12,0.001207799999974668,89608,78,1086,1
DFS,40,40,0.3,12,0.0020670000230893493,89728,272,726,1
Astar,40,40,0.3,12,0.0009859000565484166,78584,78,398,1
ACO,40,40,0.3,12,0.1583775000181049,36224,0,12294,0
BFS,40,40,0.3,13,0.0012323999544605613,89608,78,1087,1
DFS,40,40,0.3,13,0.0018671000143513083,89952,300,641,1
Astar,40,40,0.3,13,0.0014530998887494206,78680,78,513,1
ACO,40,40,0.3,13,0.21273520006798208,28048,0,14724,0
BFS,40,40,0.3,14,0.001233199960552156,89608,80,1071,1
DFS,40,40,0.3,14,0.0011522999266162515,61440,178,375,1
Astar,40,40,0.3,14,0.0012268000282347202,78584,80,467,1
ACO,40,40,0.3,14,0.18871650006622076,27328,0,13282,0
BFS,40,40,0.3,15,0.0014612000668421388,89608,80,1117,1
DFS,40,40,0.3,15,0.0017200000584125519,61728,248,491,1
Astar,40,40,0.3,15,0.0007628999883309007,31768,80,282,1
ACO,40,40,0.3,15,0.17029599996749312,28184,0,12135,0
BFS,40,40,0.3,16,0.0013125999830663204,89608,80,1065,1
DFS,40,40,0.3,16,0.002140299999155104,89952,156,738,1
Astar,40,40,0.3,16,0.0013213999336585402,78680,80,586,1
ACO,40,40,0.3,16,0.22646499995607883,28120,0,21417,0
BFS,40,40,0.3,17,0.0013612000038847327,89608,80,1109,1
DFS,40,40,0.3,17,0.0026947000296786427,89728,206,890,1
Astar,40,40,0.3,17,0.0008865999989211559,78616,80,321,1
ACO,40,40,0.3,17,0.14906289998907596,28240,0,9663,0
BFS,40,40,0.3,18,0.0013141999952495098,89608,84,1117,1
DFS,40,40,0.3,18,0.001854600035585463,89952,202,582,1
Astar,40,40,0.3,18,0.001781799946911633,125720,84,813,1
ACO,40,40,0.3,18,0.16776490001939237,28024,0,13864,0
BFS,40,40,0.3,19,0.0012092000106349587,89608,78,1124,1
DFS,40,40,0.3,19,0.0019289000192657113,89952,242,679,1
Astar,40,40,0.3,19,0.0009492000099271536,78680,78,392,1
ACO,40,40,0.3,19,0.19925700000021607,28328,0,17594,0
BFS,40,40,0.3,20,0.0012966999784111977,89608,86,1077,1
DFS,40,40,0.3,20,0.0012354999780654907,61728,188,432,1
Astar,40,40,0.3,20,0.0013599999947473407,78584,86,555,1
ACO,40,40,0.3,20,0.14035799994599074,27856,0,10247,0
BFS,40,40,0.4,1,0.0007224999135360122,61960,96,487,1
DFS,40,40,0.4,1,0.0011554999509826303,61344,136,304,1
Astar,40,40,0.4,1,0.001145999995060265,79248,96,389,1
ACO,40,40,0.4,1,0.21425319998525083,23728,0,16862,0
BFS,40,40,0.4,2,0.0006782000418752432,61960,88,573,1
DFS,40,40,0.4,2,0.0011347000254318118,61472,162,352,1
Astar,40,40,0.4,2,0.0008687999797984958,79440,88,355,1
ACO,40,40,0.4,2,0.16182679997291416,24160,0,11485,0
BFS,40,40,0.4,3,0.000866799964569509,89608,82,742,1
DFS,40,40,0.4,3,0.00181489996612072,61344,158,601,1
Astar,40,40,0.4,3,0.0008743000216782093,79440,82,367,1
ACO,40,40,0.4,3,0.11929530010093004,24520,0,7760,0
BFS,40,40,0.4,4,0.0007128999568521976,61960,96,664,1
DFS,40,40,0.4,4,0.0009588999673724174,61152,124,343,1
Astar,40,40,0.4,4,0.001016699941828847,79216,96,470,1
ACO,40,40,0.4,4,0.16644339996855706,24712,0,14268,0
BFS,40,40,0.4,5,0.0007302999729290605,61960,88,547,1
DFS,40,40,0.4,5,0.0006394999800249934,22720,102,194,1
Astar,40,40,0.4,5,0.0005859000375494361,31672,88,215,1
ACO,40,40,0.4,5,0.14398030005395412,23968,0,10614,0
BFS,40,40,0.4,6,0.0014799999771639705,89608,84,738,1
DFS,40,40,0.4,6,0.0014853000175207853,61472,114,461,1
Astar,40,40,0.4,6,0.0009492000099271536,79440,84,363,1
ACO,40,40,0.4,6,0.1567528999876231,24160,0,8926,0
BFS,40,40,0.4,7,0.0007468999829143286,61960,82,642,1
DFS,40,40,0.4,7,0.0009384999284520745,61312,138,295,1
Astar,40,40,0.4,7,0.000801999936811626,78488,82,311,1
ACO,40,40,0.4,7,0.18658400001004338,32288,0,13221,0
BFS,40,40,0.4,8,0.0006897000130265951,61960,84,634,1
DFS,40,40,0.4,8,0.0017248999793082476,61248,136,577,1
Astar,40,40,0.4,8,0.0007073000306263566,54960,84,300,1
ACO,40,40,0.4,8,0.14286809996701777,24280,0,11054,0
BFS,40,40,0.4,9,0.0006321000400930643,61960,90,556,1
DFS,40,40,0.4,9,0.0009710999438539147,61120,148,333,1
Astar,40,40,0.4,9,0.0009687000419944525,79344,90,426,1
ACO,40,40,0.4,9,0.12727349996566772,23416,0,8391,0
BFS,40,40,0.4,10,0.0008368000853806734,89608,82,756,1
DFS,40,40,0.4,10,0.0017370999557897449,61440,116,598,1
Astar,40,40,0.4,10,0.000737300026230514,78616,82,308,1
ACO,40,40,0.4,10,0.09868399996776134,24520,0,5708,0
BFS,40,40,0.4,11,0.0006588000105693936,61960,80,609,1
DFS,40,40,0.4,11,0.0007974000182002783,50960,118,270,1
Astar,40,40,0.4,11,0.0006923000328242779,31832,80,304,1
ACO,40,40,0.4,11,0.1930565000511706,24760,0,14729,0
BFS,40,40,0.4,12,0.0008511000778526068,89608,90,714,1
DFS,40,40,0.4,12,0.0015543000772595406,61248,110,542,1
Astar,40,40,0.4,12,0.0012577999150380492,79408,90,572,1
ACO,40,40,0.4,12,0.14936150005087256,24160,0,11709,0
BFS,40,40,0.4,13,0.0008023999398574233,61960,104,672,1
DFS,40,40,0.4,13,0.0009391999337822199,61440,194,333,1
Astar,40,40,0.4,13,0.000937200034968555,79280,104,429,1
ACO,40,40,0.4,13,0.18579170003067702,24208,0,15625,0
BFS,40,40,0.4,14,0.000837799976579845,89608,104,809,1
DFS,40,40,0.4,14,0.0008612999226897955,61312,124,304,1
Astar,40,40,0.4,14,0.0008039999520406127,79408,104,368,1
ACO,40,40,0.4,14,0.12128459999803454,23968,0,9063,0
BFS,40,40,0.4,15,0.0007931999862194061,89608,86,731,1
DFS,40,40,0.4,15,0.000951400026679039,61056,116,345,1
Astar,40,40,0.4,15,0.0009901999728754163,78488,86,463,1
ACO,40,40,0.4,15,0.146692999987863,23872,0,9914,0
BFS,40,40,0.4,16,0.0008615999249741435,89608,86,753,1
DFS,40,40,0.4,16,0.001041300012730062,61216,130,331,1
Astar,40,40,0.4,16,0.001078799949027598,79312,86,479,1
ACO,40,40,0.4,16,0.13715249998494983,24088,0,10433,0
BFS,40,40,0.4,17,0.0007034000009298325,61960,102,664,1
DFS,40,40,0.4,17,0.0012737999204546213,61312,174,443,1
Astar,40,40,0.4,17,0.0010148999281227589,79248,102,452,1
ACO,40,40,0.4,17,0.1482903000432998,24520,0,11167,0
BFS,40,40,0.4,18,0.0009561999468132854,89608,80,812,1
DFS,40,40,0.4,18,0.001021199976094067,61600,206,302,1
Astar,40,40,0.4,18,0.0007236999226734042,31736,80,218,1
ACO,40,40,0.4,18,0.21615500003099442,24520,0,18111,0
BFS,40,40,0.4,19,0.0007573999464511871,61960,88,666,1
DFS,40,40,0.4,19,0.0018723000539466739,88864,112,638,1
Astar,40,40,0.4,19,0.0007972999010235071,79376,88,353,1
ACO,40,40,0.4,19,0.16554299998097122,23632,0,13361,0
BFS,40,40,0.4,20,0.0006528999656438828,61960,86,500,1
DFS,40,40,0.4,20,0.0008758999174460769,50864,106,257,1
Astar,40,40,0.4,20,0.0007567999418824911,31768,86,282,1
ACO,40,40,0.4,20,0.14636190002784133,24160,0,9156,0
BFS,80,80,0.1,1,0.01540140004362911,1190360,158,5742,1
DFS,80,80,0.1,1,0.02078390005044639,1002320,1238,3994,1
Astar,80,80,0.1,1,0.022659099893644452,622960,158,4781,1
ACO,80,80,0.1,1,0.6083610999630764,147240,0,34215,0
BFS,80,80,0.1,2,0.016246400075033307,1190360,158,5770,1
DFS,80,80,0.1,2,0.006723600090481341,259112,1012,1687,1
Astar,80,80,0.1,2,0.01943430001847446,631584,158,4852,1
ACO,80,80,0.1,2,0.5805095999967307,147936,0,30245,0
BFS,80,80,0.1,3,0.014092399971559644,1190360,158,5724,1
DFS,80,80,0.1,3,0.010825000004842877,408128,978,2469,1
Astar,80,80,0.1,3,0.01856290001887828,624456,158,4904,1
ACO,80,80,0.1,3,0.5719913999782875,146808,0,32959,0
BFS,80,80,0.1,4,0.0135034000268206,1190360,158,5760,1
DFS,80,80,0.1,4,0.020534700015559793,1002320,796,4193,1
Astar,80,80,0.1,4,0.019466400030069053,602696,158,4564,1
ACO,80,80,0.1,4,0.6042563000228256,147672,0,28901,0
BFS,80,80,0.1,5,0.014531199936755002,1190360,158,5724,1
DFS,80,80,0.1,5,0.008058300008997321,407040,1012,1975,1
Astar,80,80,0.1,5,0.0207321000052616,1152616,158,4947,1
ACO,80,80,0.1,5,0.6001010000472888,146784,0,33934,0
BFS,80,80,0.1,6,0.013152500032447278,1190360,158,5738,1
DFS,80,80,0.1,6,0.010621999972499907,408064,1324,2543,1
Astar,80,80,0.1,6,0.021216999972239137,623688,158,4879,1
ACO,80,80,0.1,6,0.6279381000204012,147120,0,37162,0
BFS,80,80,0.1,7,0.01322200009599328,1190360,158,5710,1
DFS,80,80,0.1,7,0.020777300000190735,1003952,776,4711,1
Astar,80,80,0.1,7,0.017454300075769424,614984,158,4743,1
ACO,80,80,0.1,7,0.6343565999995917,146520,0,34077,0
BFS,80,80,0.1,8,0.014517500065267086,1190360,158,5732,1
DFS,80,80,0.1,8,0.01246030000038445,413552,1218,2693,1
Astar,80,80,0.1,8,0.018340199952945113,609224,158,4669,1
ACO,80,80,0.1,8,0.5794843999901786,146976,0,32687,0
BFS,80,80,0.1,9,0.013360799988731742,1190360,158,5772,1
DFS,80,80,0.1,9,0.0035436999751254916,247328,864,1079,1
Astar,80,80,0.1,9,0.02011409995611757,651592,158,4606,1
ACO,80,80,0.1,9,0.6579940000083297,148008,0,37469,0
BFS,80,80,0.1,10,0.015873200027272105,1190296,158,5765,1
DFS,80,80,0.1,10,0.0033108999487012625,246112,504,917,1
Astar,80,80,0.1,10,0.025813200045377016,1507184,158,5315,1
ACO,80,80,0.1,10,0.6294900999637321,147816,0,36575,0
BFS,80,80,0.1,11,0.017511800047941506,1190360,158,5726,1
DFS,80,80,0.1,11,0.005006200051866472,245600,532,1239,1
Astar,80,80,0.1,11,0.02301220002118498,645736,158,4810,1
ACO,80,80,0.1,11,0.4813938000006601,146832,0,21741,0
BFS,80,80,0.1,12,0.012790100066922605,1190360,158,5790,1
DFS,80,80,0.1,12,0.00766869995277375,249256,494,2066,1
Astar,80,80,0.1,12,0.02157360001001507,1485040,158,5413,1
ACO,80,80,0.1,12,0.6585077999625355,148368,0,39622,0
BFS,80,80,0.1,13,0.012336699990555644,1190360,158,5824,1
DFS,80,80,0.1,13,0.023820800008252263,999600,680,4695,1
Astar,80,80,0.1,13,0.02215859992429614,1485264,158,5401,1
ACO,80,80,0.1,13,0.648827499942854,149184,0,39436,0
BFS,80,80,0.1,14,0.012911799945868552,1190360,158,5776,1
DFS,80,80,0.1,14,0.03200139990076423,406208,972,2445,1
Astar,80,80,0.1,14,0.024040799937210977,1150280,158,5087,1
ACO,80,80,0.1,14,0.6019581999862567,148056,0,32191,0
BFS,80,80,0.1,15,0.015026999986730516,1190360,158,5758,1
DFS,80,80,0.1,15,0.00816670001950115,407104,840,2008,1
Astar,80,80,0.1,15,0.018826999934390187,606728,158,4614,1
ACO,80,80,0.1,15,0.4878134001046419,147624,0,24591,0
BFS,80,80,0.1,16,0.013591399998404086,1190360,158,5777,1
DFS,80,80,0.1,16,0.0078747000079602,409280,1464,1955,1
Astar,80,80,0.1,16,0.01886939990799874,612232,158,4701,1
ACO,80,80,0.1,16,0.40428609994705766,148080,0,16104,0
BFS,80,80,0.1,17,0.014098700019530952,1190360,158,5749,1
DFS,80,80,0.1,17,0.012437499943189323,409280,1248,2440,1
Astar,80,80,0.1,17,0.022543300059624016,1154088,158,5254,1
ACO,80,80,0.1,17,0.5532862999243662,147432,0,32052,0
BFS,80,80,0.1,18,0.015253999968990684,1190360,158,5720,1
DFS,80,80,0.1,18,0.006345000001601875,253352,1106,1490,1
Astar,80,80,0.1,18,0.02213209995534271,1174824,158,4924,1
ACO,80,80,0.1,18,0.49064920004457235,146736,0,26515,0
BFS,80,80,0.1,19,0.013129299972206354,1190360,158,5738,1
DFS,80,80,0.1,19,0.018498299992643297,463024,616,4112,1
Astar,80,80,0.1,19,0.021272700047120452,624712,158,4879,1
ACO,80,80,0.1,19,0.5846663999836892,147192,0,37251,0
BFS,80,80,0.1,20,0.01491700008045882,1190360,158,5766,1
DFS,80,80,0.1,20,0.02005509997252375,1002256,632,4459,1
Astar,80,80,0.1,20,0.01896900008432567,623880,158,4882,1
ACO,80,80,0.1,20,0.5890285999048501,147792,0,28444,0
BFS,80,80,0.2,1,0.012126000015996397,991496,158,5117,1
DFS,80,80,0.2,1,0.017641899990849197,458416,694,4113,1
Astar,80,80,0.2,1,0.013601000071503222,554472,158,3573,1
ACO,80,80,0.2,1,0.3990979000227526,132600,0,16358,0
BFS,80,80,0.2,2,0.012470300076529384,991496,158,5137,1
DFS,80,80,0.2,2,0.0040484999772161245,246144,752,1245,1
Astar,80,80,0.2,2,0.01290490000974387,586936,158,3268,1
ACO,80,80,0.2,2,0.4435488999588415,133008,0,20732,0
BFS,80,80,0.2,3,0.011090400046668947,991496,160,5066,1
DFS,80,80,0.2,3,0.004102900042198598,246688,922,1309,1
Astar,80,80,0.2,3,0.006734200054779649,335608,160,1932,1
ACO,80,80,0.2,3,0.40009810007177293,123008,0,8700,0
BFS,80,80,0.2,4,0.01793009997345507,991496,158,5119,1
DFS,80,80,0.2,4,0.028182100038975477,422864,1082,3169,1
Astar,80,80,0.2,4,0.017459700000472367,548920,158,3074,1
ACO,80,80,0.2,4,0.7325392999919131,132504,0,20837,0
BFS,80,80,0.2,5,0.020450999960303307,991496,158,5111,1
DFS,80,80,0.2,5,0.009847500012256205,246688,928,1363,1
Astar,80,80,0.2,5,0.016465599997900426,366840,158,2508,1
ACO,80,80,0.2,5,0.6707595000043511,132504,0,14490,0
BFS,80,80,0.2,6,0.01574800000526011,991496,158,5089,1
DFS,80,80,0.2,6,0.028697500005364418,431632,664,3722,1
Astar,80,80,0.2,6,0.017137299990281463,548856,158,3243,1
ACO,80,80,0.2,6,0.8420737999258563,132048,0,26489,0
BFS,80,80,0.2,7,0.015593299991451204,991496,158,5089,1
DFS,80,80,0.2,7,0.016378500033169985,407040,742,2819,1
Astar,80,80,0.2,7,0.016638800036162138,549208,158,3333,1
ACO,80,80,0.2,7,0.701991599984467,131856,0,23551,0
BFS,80,80,0.2,8,0.015696899965405464,991496,158,5082,1
DFS,80,80,0.2,8,0.004764400073327124,245152,472,1259,1
Astar,80,80,0.2,8,0.01512420002836734,569336,158,3153,1
ACO,80,80,0.2,8,0.7494584999512881,131616,0,18038,0
BFS,80,80,0.2,9,0.015000400017015636,991496,158,5088,1
DFS,80,80,0.2,9,0.018373599974438548,416048,1078,3172,1
Astar,80,80,0.2,9,0.019716799957677722,553768,158,3671,1
ACO,80,80,0.2,9,0.6653946000151336,131880,0,25464,0
BFS,80,80,0.2,10,0.01354479999281466,991496,158,5077,1
DFS,80,80,0.2,10,0.026814299984835088,442768,476,4055,1
Astar,80,80,0.2,10,0.014926500036381185,549272,158,3119,1
ACO,80,80,0.2,10,0.6792736999923363,131688,0,22996,0
BFS,80,80,0.2,11,0.02254859998356551,991496,158,5138,1
DFS,80,80,0.2,11,0.019060199963860214,406208,520,2724,1
Astar,80,80,0.2,11,0.017292700009420514,548920,158,2805,1
ACO,80,80,0.2,11,0.7725126000586897,133224,0,24055,0
BFS,80,80,0.2,12,0.016898499918170273,991496,158,5107,1
DFS,80,80,0.2,12,0.009324299986474216,249224,764,1946,1
Astar,80,80,0.2,12,0.012415400007739663,548920,158,2899,1
ACO,80,80,0.2,12,0.5503822999307886,132408,0,17038,0
BFS,80,80,0.2,13,0.014833399909548461,991496,158,5160,1
DFS,80,80,0.2,13,0.024951700004749,997424,718,4313,1
Astar,80,80,0.2,13,0.017573700053617358,548920,158,3536,1
ACO,80,80,0.2,13,0.5564767000032589,133440,0,17751,0
BFS,80,80,0.2,14,0.013715800014324486,991496,158,5132,1
DFS,80,80,0.2,14,0.007770200027152896,252840,1178,1679,1
Astar,80,80,0.2,14,0.018056700006127357,574488,158,3528,1
ACO,80,80,0.2,14,0.5885914999525994,132768,0,19712,0
BFS,80,80,0.2,15,0.015247900038957596,991496,158,5061,1
DFS,80,80,0.2,15,0.022513199946843088,438320,626,3911,1
Astar,80,80,0.2,15,0.015461700037121773,548952,158,3209,1
ACO,80,80,0.2,15,0.625463500036858,131472,0,18839,0
BFS,80,80,0.2,16,0.027078700019046664,991496,158,5081,1
DFS,80,80,0.2,16,0.004535800078883767,246112,774,1082,1
Astar,80,80,0.2,16,0.022685400093905628,588376,158,3376,1
ACO,80,80,0.2,16,0.7247209999477491,123744,0,25952,0
BFS,80,80,0.2,17,0.017852699966169894,991496,158,5110,1
DFS,80,80,0.2,17,0.02735650003887713,447088,854,3881,1
Astar,80,80,0.2,17,0.015331299975514412,548920,158,3009,1
ACO,80,80,0.2,17,0.5691435999469832,132480,0,16458,0
BFS,80,80,0.2,18,0.014336199965327978,991496,158,5105,1
DFS,80,80,0.2,18,0.022020500036887825,428400,730,3637,1
Astar,80,80,0.2,18,0.014039500034414232,548920,158,2990,1
ACO,80,80,0.2,18,0.581607999978587,132384,0,16102,0
BFS,80,80,0.2,19,0.014696900034323335,991496,158,5101,1
DFS,80,80,0.2,19,0.020415399922057986,444880,1268,3425,1
Astar,80,80,0.2,19,0.019768300000578165,551208,158,3604,1
ACO,80,80,0.2,19,0.5974052000092342,132624,0,19984,0
BFS,80,80,0.2,20,0.015052600065246224,991496,158,5107,1
DFS,80,80,0.2,20,0.02138839999679476,447216,966,3706,1
Astar,80,80,0.2,20,0.014472999959252775,548920,158,3142,1
ACO,80,80,0.2,20,0.501680999994278,132456,0,11001,0
BFS,80,80,0.3,1,0.01196839998010546,432264,160,4367,1
DFS,80,80,0.3,1,0.009436700027436018,244416,586,2128,1
Astar,80,80,0.3,1,0.008067499962635338,312952,160,1996,1
ACO,80,80,0.3,1,0.5321702000219375,117144,0,13533,0
BFS,80,80,0.3,2,0.011717999936081469,425208,162,4266,1
DFS,80,80,0.3,2,0.005920899915508926,245632,418,1472,1
Astar,80,80,0.3,2,0.005688900011591613,313176,162,1631,1
ACO,80,80,0.3,2,0.48542789998464286,107360,0,12266,0
BFS,80,80,0.3,3,0.01239520008675754,431544,164,4365,1
DFS,80,80,0.3,3,0.02108790003694594,417200,362,3848,1
Astar,80,80,0.3,3,0.009697699919342995,314200,164,2327,1
ACO,80,80,0.3,3,0.4907437999499962,108320,0,9221,0
BFS,80,80,0.3,4,0.011382199940271676,436488,158,4434,1
DFS,80,80,0.3,4,0.013892800081521273,404096,632,2808,1
Astar,80,80,0.3,4,0.003777700010687113,126072,158,1107,1
ACO,80,80,0.3,4,0.4812773000448942,109488,0,12870,0
BFS,80,80,0.3,5,0.011173399980179965,429640,174,4327,1
DFS,80,80,0.3,5,0.0029366000089794397,89984,400,590,1
Astar,80,80,0.3,5,0.005536700016818941,312920,174,1665,1
ACO,80,80,0.3,5,0.5188764000777155,107384,0,16985,0
BFS,80,80,0.3,6,0.012419700040481985,434360,162,4409,1
DFS,80,80,0.3,6,0.0066524000139907,244416,784,1631,1
Astar,80,80,0.3,6,0.0032622000435367227,126072,162,1037,1
ACO,80,80,0.3,6,0.5761891000438482,117288,0,21177,0
BFS,80,80,0.3,7,0.01151500002015382,428168,162,4304,1
DFS,80,80,0.3,7,0.021916699944995344,420688,418,3884,1
Astar,80,80,0.3,7,0.0051235000137239695,313176,162,1342,1
ACO,80,80,0.3,7,0.47664350003469735,116976,0,11905,0
BFS,80,80,0.3,8,0.012098899926058948,431432,166,4355,1
DFS,80,80,0.3,8,0.011468100012280047,405408,1186,2292,1
Astar,80,80,0.3,8,0.0166369000216946,548376,166,3147,1
ACO,80,80,0.3,8,0.604040400008671,116256,0,17929,0
BFS,80,80,0.3,9,0.013819499989040196,430968,158,4355,1
DFS,80,80,0.3,9,0.00879190000705421,244416,542,2097,1
Astar,80,80,0.3,9,0.007866399944759905,313176,158,1463,1
ACO,80,80,0.3,9,0.603881600080058,108816,0,18333,0
BFS,80,80,0.3,10,0.0139821000630036,432456,158,4371,1
DFS,80,80,0.3,10,0.015415700036101043,404640,980,2806,1
Astar,80,80,0.3,10,0.004951500101014972,313432,158,1609,1
ACO,80,80,0.3,10,0.5269425999140367,116976,0,15999,0
BFS,80,80,0.3,11,0.01255929993931204,430968,170,4352,1
DFS,80,80,0.3,11,0.003988799988292158,203440,472,1039,1
Astar,80,80,0.3,11,0.015547599992714822,567928,170,3227,1
ACO,80,80,0.3,11,0.5709807000821456,117000,0,17034,0
BFS,80,80,0.3,12,0.01278060011100024,433528,164,4396,1
DFS,80,80,0.3,12,0.007158600026741624,244096,818,1726,1
Astar,80,80,0.3,12,0.013108199927955866,575672,164,2636,1
ACO,80,80,0.3,12,0.48142269998788834,108552,0,12532,0
BFS,80,80,0.3,13,0.010838699992746115,432392,162,4368,1
DFS,80,80,0.3,13,0.01745299994945526,404064,664,3160,1
Astar,80,80,0.3,13,0.005140600027516484,313432,162,1369,1
ACO,80,80,0.3,13,0.5036565000191331,109112,0,12067,0
BFS,80,80,0.3,14,0.012157600023783743,436616,160,4437,1
DFS,80,80,0.3,14,0.009348000050522387,245736,952,1920,1
Astar,80,80,0.3,14,0.004329700022935867,313400,160,1419,1
ACO,80,80,0.3,14,0.5123147999402136,109952,0,10042,0
BFS,80,80,0.3,15,0.012740600039251149,432568,160,4381,1
DFS,80,80,0.3,15,0.00684950000140816,244768,546,1093,1
Astar,80,80,0.3,15,0.0031202000100165606,126232,160,966,1
ACO,80,80,0.3,15,0.6209736000746489,116136,0,15910,0
BFS,80,80,0.3,16,0.011189699987880886,430024,162,4333,1
DFS,80,80,0.3,16,0.014513899921439588,404064,616,2806,1
Astar,80,80,0.3,16,0.00855929998215288,312952,162,2101,1
ACO,80,80,0.3,16,0.5859859999036416,108368,0,10736,0
BFS,80,80,0.3,17,0.017052900046110153,427400,160,4292,1
DFS,80,80,0.3,17,0.01755089999642223,245152,726,1191,1
Astar,80,80,0.3,17,0.00812949996907264,313400,160,1400,1
ACO,80,80,0.3,17,0.7791151999263093,115872,0,16172,0
BFS,80,80,0.3,18,0.011538299964740872,430712,158,4352,1
DFS,80,80,0.3,18,0.004709700006060302,204176,640,977,1
Astar,80,80,0.3,18,0.004851799923926592,313432,158,1364,1
ACO,80,80,0.3,18,0.4708119999850169,108584,0,7157,0
BFS,80,80,0.3,19,0.018166300025768578,434184,162,4398,1
DFS,80,80,0.3,19,0.025063300039619207,402048,458,2445,1
Astar,80,80,0.3,19,0.0028205999406054616,125944,162,844,1
ACO,80,80,0.3,19,0.7421541000949219,108848,0,16513,0
BFS,80,80,0.3,20,0.013339899946004152,437128,158,4441,1
DFS,80,80,0.3,20,0.012770599918439984,404064,808,2348,1
Astar,80,80,0.3,20,0.003944500000216067,313400,158,1257,1
ACO,80,80,0.3,20,0.677476100041531,117720,0,15613,0
BFS,80,80,0.4,1,0.009110999992117286,243208,178,2553,1
DFS,80,80,0.4,1,0.002051000017672777,61248,222,534,1
Astar,80,80,0.4,1,0.0038065999979153275,316240,178,1308,1
ACO,80,80,0.4,1,0.5175671000033617,93968,0,5542,0
BFS,80,80,0.4,2,0.002558200038038194,243208,174,1926,1
DFS,80,80,0.4,2,0.010235300054773688,243840,302,2072,1
Astar,80,80,0.4,2,0.0031353000085800886,125720,174,1174,1
ACO,80,80,0.4,2,0.5203470999840647,95024,0,7212,0
BFS,80,80,0.4,3,0.002163900062441826,243208,188,1470,1
DFS,80,80,0.4,3,0.0024799000238999724,89248,252,677,1
Astar,80,80,0.4,3,0.003058200003579259,125496,188,1067,1
ACO,80,80,0.4,3,0.5068123999517411,92408,0,11052,0
BFS,80,80,0.4,4,0.005712499958463013,244016,194,2581,1
DFS,80,80,0.4,4,0.006392900017090142,243296,324,1372,1
Astar,80,80,0.4,4,0.005869999993592501,316400,194,1799,1
ACO,80,80,0.4,4,0.49914510000962764,94544,0,9898,0
BFS,80,80,0.4,5,0.0035882999654859304,243208,200,2096,1
DFS,80,80,0.4,5,0.006453100009821355,243584,324,1696,1
Astar,80,80,0.4,5,0.004156499984674156,315888,200,1410,1
ACO,80,80,0.4,5,0.6745283000636846,93800,0,16219,0
BFS,80,80,0.4,6,0.004578700056299567,243208,164,2441,1
DFS,80,80,0.4,6,0.004099200014024973,243328,292,1259,1
Astar,80,80,0.4,6,0.001643399940803647,125816,164,670,1
ACO,80,80,0.4,6,0.5876379000255838,92744,0,14871,0
BFS,80,80,0.4,7,0.0053703999146819115,247664,198,2644,1
DFS,80,80,0.4,7,0.009887799969874322,243552,346,2101,1
Astar,80,80,0.4,7,0.0048177000135183334,316176,198,1565,1
ACO,80,80,0.4,7,0.6209450999740511,94064,0,12665,0
BFS,80,80,0.4,8,0.006927900016307831,400648,168,2837,1
DFS,80,80,0.4,8,0.008729799999855459,242976,282,2337,1
Astar,80,80,0.4,8,0.004203699994832277,125528,168,1034,1
ACO,80,80,0.4,8,0.45127380010671914,93296,0,16021,0
BFS,80,80,0.4,9,0.005802200059406459,400584,180,2983,1
DFS,80,80,0.4,9,0.0030034000519663095,89376,428,929,1
Astar,80,80,0.4,9,0.006136200041510165,316272,180,2052,1
ACO,80,80,0.4,9,0.4210999000351876,94880,0,11608,0
BFS,80,80,0.4,10,0.004050799994729459,243208,194,2540,1
DFS,80,80,0.4,10,0.0034676999785006046,202384,252,1134,1
Astar,80,80,0.4,10,0.003612400032579899,316048,194,1504,1
ACO,80,80,0.4,10,0.4103105999529362,93488,0,16200,0
BFS,80,80,0.4,11,0.006144900107756257,400584,180,3206,1
DFS,80,80,0.4,11,0.00558120000641793,243808,410,1823,1
Astar,80,80,0.4,11,0.003258400014601648,316272,180,1318,1
ACO,80,80,0.4,11,0.3629272999241948,94712,0,11592,0
BFS,80,80,0.4,12,0.004743400029838085,400584,180,2883,1
DFS,80,80,0.4,12,0.003318200004287064,202352,434,1140,1
Astar,80,80,0.4,12,0.002785300021059811,238376,180,1285,1
ACO,80,80,0.4,12,0.3800164998974651,93896,0,12899,0
BFS,80,80,0.4,13,0.005989599972963333,400648,188,3151,1
DFS,80,80,0.4,13,0.008053599973209202,244416,390,2318,1
Astar,80,80,0.4,13,0.005285499966703355,316272,188,2116,1
ACO,80,80,0.4,13,0.4384655000176281,95280,0,14266,0
BFS,80,80,0.4,14,0.004967199987731874,400648,206,2813,1
DFS,80,80,0.4,14,0.005208300077356398,243008,266,1863,1
Astar,80,80,0.4,14,0.0033036000095307827,316176,206,1586,1
ACO,80,80,0.4,14,0.3779929999727756,93848,0,12889,0
BFS,80,80,0.4,15,0.004523300100117922,400648,178,2740,1
DFS,80,80,0.4,15,0.0025458999443799257,89536,412,923,1
Astar,80,80,0.4,15,0.002063399995677173,125624,178,968,1
ACO,80,80,0.4,15,0.3543874000897631,93080,0,7644,0
BFS,80,80,0.4,16,0.0029458999633789062,243208,202,2203,1
DFS,80,80,0.4,16,0.002445499994792044,89536,350,826,1
Astar,80,80,0.4,16,0.0036671000998467207,316112,202,1611,1
ACO,80,80,0.4,16,0.3436239999718964,93512,0,9091,0
BFS,80,80,0.4,17,0.005436899955384433,401176,186,3241,1
DFS,80,80,0.4,17,0.005592899979092181,243584,378,1940,1
Astar,80,80,0.4,17,0.002493599895387888,125528,186,1213,1
ACO,80,80,0.4,17,0.3619126999983564,95600,0,10400,0
BFS,80,80,0.4,18,0.0019515000749379396,243208,228,1787,1
DFS,80,80,0.4,18,0.0034559000050649047,243168,340,1223,1
Astar,80,80,0.4,18,0.003192000091075897,315920,228,1520,1
ACO,80,80,0.4,18,0.4217032000888139,92408,0,16337,0
BFS,80,80,0.4,19,0.00553959992248565,400648,184,2972,1
DFS,80,80,0.4,19,0.007392200059257448,242112,300,2237,1
Astar,80,80,0.4,19,0.0038595000514760613,316112,184,1627,1
ACO,80,80,0.4,19,0.3723081999924034,93200,0,9426,0
BFS,80,80,0.4,20,0.0032363999634981155,243208,218,2167,1
DFS,80,80,0.4,20,0.004085100023075938,243328,378,1373,1
Astar,80,80,0.4,20,0.003407499985769391,315824,218,1457,1
ACO,80,80,0.4,20,0.39599200000520796,92936,0,16251,0
BFS,160,160,0.1,1,0.06253039999864995,5270504,318,23026,1
DFS,160,160,0.1,1,0.055343299987725914,2013376,3668,10837,1
Astar,160,160,0.1,1,0.15494749997742474,5046184,318,19747,1
ACO,160,160,0.1,1,1.5645401999354362,562104,0,31758,0
BFS,160,160,0.1,2,0.06666240002959967,5270504,318,23010,1
DFS,160,160,0.1,2,0.054791899980045855,2018928,4900,10395,1
Astar,160,160,0.1,2,0.12737230001948774,2934096,318,19544,1
ACO,160,160,0.1,2,1.3707239999203011,561696,0,35082,0
BFS,160,160,0.1,3,0.06518119992688298,5270504,318,22967,1
DFS,160,160,0.1,3,0.018635299988090992,1204576,2116,3857,1
Astar,160,160,0.1,3,0.13914039998780936,5032992,318,19919,1
ACO,160,160,0.1,3,1.4333619000390172,560736,0,32422,0
BFS,160,160,0.1,4,0.07156060007400811,5270504,318,23030,1
DFS,160,160,0.1,4,0.06376409996300936,2017536,3400,9858,1
Astar,160,160,0.1,4,0.14920869993511587,5022728,318,20216,1
ACO,160,160,0.1,4,1.4750747999642044,562200,0,33789,0
BFS,160,160,0.1,5,0.06793149991426617,5270504,318,23051,1
DFS,160,160,0.1,5,0.09960139996837825,4374768,2714,17676,1
Astar,160,160,0.1,5,0.1339506000513211,5012008,318,20520,1
ACO,160,160,0.1,5,1.5154388999799266,562656,0,33767,0
BFS,160,160,0.1,6,0.07347800000570714,5270504,318,22969,1
DFS,160,160,0.1,6,0.0565984999993816,2009664,3712,10247,1
Astar,160,160,0.1,6,0.12054829997941852,2924360,318,19385,1
ACO,160,160,0.1,6,1.4876204999163747,560880,0,33781,0
BFS,160,160,0.1,7,0.07196730002760887,5270504,318,23057,1
DFS,160,160,0.1,7,0.09626750007737428,2258064,2198,17264,1
Astar,160,160,0.1,7,0.12897900003008544,5031112,318,19831,1
ACO,160,160,0.1,7,1.5189817999489605,562896,0,33671,0
BFS,160,160,0.1,8,0.0741458999691531,5270504,318,23008,1
DFS,160,160,0.1,8,0.05569539999123663,1993312,1560,9623,1
Astar,160,160,0.1,8,0.13299469999037683,5025936,318,20228,1
ACO,160,160,0.1,8,1.4359175000572577,561648,0,33854,0
BFS,160,160,0.1,9,0.07133959990460426,5270504,318,23023,1
DFS,160,160,0.1,9,0.07785080000758171,2206800,4604,13606,1
Astar,160,160,0.1,9,0.14557729999069124,5015336,318,20490,1
ACO,160,160,0.1,9,1.4137949999421835,562008,0,33552,0
BFS,160,160,0.1,10,0.06975080003030598,5270504,318,23056,1
DFS,160,160,0.1,10,0.05858690000604838,2011888,4488,10828,1
Astar,160,160,0.1,10,0.11958689999300987,2885448,318,18856,1
ACO,160,160,0.1,10,1.4553941000485793,562848,0,29970,0
BFS,160,160,0.1,11,0.06794520001858473,5270504,318,23017,1
DFS,160,160,0.1,11,0.07257169997319579,2013376,1866,13337,1
Astar,160,160,0.1,11,0.12176610005553812,2898888,318,19118,1
ACO,160,160,0.1,11,1.4334308999823406,561888,0,23551,0
BFS,160,160,0.1,12,0.06355309998616576,5270504,318,22991,1
DFS,160,160,0.1,12,0.01779840001836419,1208992,2144,3362,1
Astar,160,160,0.1,12,0.1387257999740541,5013960,318,20509,1
ACO,160,160,0.1,12,1.4228234000038356,561216,0,29012,0
BFS,160,160,0.1,13,0.07235639996360987,5270504,318,22977,1
DFS,160,160,0.1,13,0.08256220002658665,2209456,3484,14896,1
Astar,160,160,0.1,13,0.11732750001829118,2927592,318,19448,1
ACO,160,160,0.1,13,1.3547529999632388,560952,0,21696,0
BFS,160,160,0.1,14,0.06683489994611591,5270504,318,23081,1
DFS,160,160,0.1,14,0.08941309992223978,2205136,3838,14252,1
Astar,160,160,0.1,14,0.1434554000152275,5013640,318,20494,1
ACO,160,160,0.1,14,1.4955451999558136,563400,0,38684,0
BFS,160,160,0.1,15,0.06903660006355494,5270504,318,22990,1
DFS,160,160,0.1,15,0.07154519995674491,2179408,3960,14044,1
Astar,160,160,0.1,15,0.1268605999648571,5031448,318,20050,1
ACO,160,160,0.1,15,1.4966585000511259,561240,0,37643,0
BFS,160,160,0.1,16,0.06765890005044639,5270504,318,23032,1
DFS,160,160,0.1,16,0.09720349998679012,4388944,2410,18115,1
Astar,160,160,0.1,16,0.12677129998337477,2935144,318,19564,1
ACO,160,160,0.1,16,1.5001630000770092,562176,0,35380,0
BFS,160,160,0.1,17,0.06300879991613328,5270504,318,23033,1
DFS,160,160,0.1,17,0.09687129990197718,4360368,1840,17936,1
Astar,160,160,0.1,17,0.1264968999894336,5041416,318,19720,1
ACO,160,160,0.1,17,1.6198165999958292,562416,0,33427,0
BFS,160,160,0.1,18,0.0632903000805527,5270504,318,23062,1
DFS,160,160,0.1,18,0.06734750000759959,2017472,1992,12604,1
Astar,160,160,0.1,18,0.15348820004146546,6648592,318,21490,1
ACO,160,160,0.1,18,1.494465499999933,562968,0,31955,0
BFS,160,160,0.1,19,0.06809309998061508,5270504,318,22996,1
DFS,160,160,0.1,19,0.029429999995045364,1252520,2588,5777,1
Astar,160,160,0.1,19,0.12877029995433986,5036968,318,19892,1
ACO,160,160,0.1,19,1.4249158999882638,561360,0,26062,0
BFS,160,160,0.1,20,0.07001110003329813,5270504,318,23072,1
DFS,160,160,0.1,20,0.07201560004614294,2078352,3580,12803,1
Astar,160,160,0.1,20,0.14450589998159558,5031784,318,19803,1
ACO,160,160,0.1,20,1.7348069000290707,563184,0,37133,0
BFS,160,160,0.2,1,0.05585400003474206,4344216,318,20426,1
DFS,160,160,0.2,1,0.08654930000193417,2226416,2386,16990,1
Astar,160,160,0.2,1,0.08867860003374517,2635472,318,13638,1
ACO,160,160,0.2,1,1.302536999923177,500616,0,11299,0
BFS,160,160,0.2,2,0.057364200009033084,4344216,318,20473,1
DFS,160,160,0.2,2,0.09704130003228784,2250960,1698,18068,1
Astar,160,160,0.2,2,0.08385769999586046,2603032,318,13093,1
ACO,160,160,0.2,2,1.4017748999176547,502248,0,22173,0
BFS,160,160,0.2,3,0.055941900005564094,4344216,318,20368,1
DFS,160,160,0.2,3,0.07343729992862791,2000800,1444,13599,1
Astar,160,160,0.2,3,0.08765619993209839,2604184,318,12887,1
ACO,160,160,0.2,3,1.4606770999962464,499584,0,21507,0
BFS,160,160,0.2,4,0.065210499917157,4344216,318,20489,1
DFS,160,160,0.2,4,0.0793676000321284,2108112,2422,15060,1
Astar,160,160,0.2,4,0.08445920003578067,2612872,318,13739,1
ACO,160,160,0.2,4,1.3224514001049101,502152,0,28014,0
BFS,160,160,0.2,5,0.061598300002515316,4344216,318,20467,1
DFS,160,160,0.2,5,0.0667816000059247,2006368,2046,11750,1
Astar,160,160,0.2,5,0.09000440000090748,2601656,318,13300,1
ACO,160,160,0.2,5,1.5490967999212444,501624,0,18477,0
BFS,160,160,0.2,6,0.05674000002909452,4344216,318,20345,1
DFS,160,160,0.2,6,0.01517749996855855,1005712,2288,3018,1
Astar,160,160,0.2,6,0.08765150001272559,2619256,318,13900,1
ACO,160,160,0.2,6,1.4107031000312418,499272,0,24825,0
BFS,160,160,0.2,7,0.06274099997244775,4344216,318,20438,1
DFS,160,160,0.2,7,0.09148280008230358,2207984,1952,17167,1
Astar,160,160,0.2,7,0.08173889992758632,2599864,318,12796,1
ACO,160,160,0.2,7,1.1924062999896705,501312,0,24106,0
BFS,160,160,0.2,8,0.06619969999883324,4344216,320,20411,1
DFS,160,160,0.2,8,0.024010000051930547,1199776,1264,4561,1
Astar,160,160,0.2,8,0.10088319994974881,2637672,320,15081,1
ACO,160,160,0.2,8,1.5120600999798626,500760,0,22139,0
BFS,160,160,0.2,9,0.06019440002273768,4344216,318,20450,1
DFS,160,160,0.2,9,0.0873903000028804,2207632,3080,16080,1
Astar,160,160,0.2,9,0.07630680000875145,2603960,318,12003,1
ACO,160,160,0.2,9,1.325849200016819,501336,0,9885,0
BFS,160,160,0.2,10,0.05385909997858107,4344216,318,20369,1
DFS,160,160,0.2,10,0.03535579994786531,1301960,2630,7020,1
Astar,160,160,0.2,10,0.07930530002340674,2600984,318,12832,1
ACO,160,160,0.2,10,1.4354471999686211,499536,0,21829,0
BFS,160,160,0.2,11,0.06914329994469881,4344152,318,20453,1
DFS,160,160,0.2,11,0.08671399997547269,2146384,1878,16197,1
Astar,160,160,0.2,11,0.08171409997157753,2601368,318,12565,1
ACO,160,160,0.2,11,1.405069199972786,501528,0,25060,0
BFS,160,160,0.2,12,0.05761980009265244,4344216,318,20320,1
DFS,160,160,0.2,12,0.029480200028046966,1202816,1752,6217,1
Astar,160,160,0.2,12,0.08646429993677884,2604376,318,11520,1
ACO,160,160,0.2,12,1.451618899940513,498384,0,28761,0
BFS,160,160,0.2,13,0.05555219994857907,4344216,318,20458,1
DFS,160,160,0.2,13,0.07200099993497133,2090352,3236,13993,1
Astar,160,160,0.2,13,0.09002739994321018,2657928,318,14548,1
ACO,160,160,0.2,13,1.4655138000380248,501648,0,23158,0
BFS,160,160,0.2,14,0.054488199995830655,4344216,318,20352,1
DFS,160,160,0.2,14,0.09120430005714297,2235728,2334,17252,1
Astar,160,160,0.2,14,0.08418570004869252,2607032,318,13533,1
ACO,160,160,0.2,14,1.3761357000330463,498648,0,12805,0
BFS,160,160,0.2,15,0.058174600009806454,4344216,318,20456,1
DFS,160,160,0.2,15,0.026117799920029938,1202752,2372,5390,1
Astar,160,160,0.2,15,0.06703149992972612,2618712,318,10984,1
ACO,160,160,0.2,15,1.4092166000045836,501408,0,15180,0
BFS,160,160,0.2,16,0.05710670002736151,4344216,318,20367,1
DFS,160,160,0.2,16,0.04735380003694445,2000800,3254,9161,1
Astar,160,160,0.2,16,0.08040119998622686,2642296,318,10320,1
ACO,160,160,0.2,16,1.3697542999871075,491640,0,12078,0
BFS,160,160,0.2,17,0.06421810004394501,4344216,318,20449,1
DFS,160,160,0.2,17,0.1015936000039801,4360432,1188,19072,1
Astar,160,160,0.2,17,0.0801376000745222,2603480,318,12721,1
ACO,160,160,0.2,17,1.2626740999985486,501336,0,19061,0
BFS,160,160,0.2,18,0.05771620001178235,4344216,318,20291,1
DFS,160,160,0.2,18,0.03176450007595122,1303240,3266,6509,1
Astar,160,160,0.2,18,0.07123300002422184,2611704,318,11210,1
ACO,160,160,0.2,18,1.4576556000392884,497664,0,22264,0
BFS,160,160,0.2,19,0.05944310000631958,4344216,318,20513,1
DFS,160,160,0.2,19,0.08150720002595335,2161776,2608,15623,1
Astar,160,160,0.2,19,0.08418270002584904,2600760,318,13157,1
ACO,160,160,0.2,19,1.2829443999798968,502608,0,28129,0
BFS,160,160,0.2,20,0.060488599934615195,4344216,318,20447,1
DFS,160,160,0.2,20,0.04600269999355078,1996960,2364,8942,1
Astar,160,160,0.2,20,0.06856699998024851,2635736,318,10525,1
ACO,160,160,0.2,20,1.4513620999641716,500976,0,25076,0
BFS,160,160,0.3,1,0.04629379999823868,2119640,318,17666,1
DFS,160,160,0.3,1,0.012388300034217536,408944,1156,3090,1
Astar,160,160,0.3,1,0.01008250005543232,343576,318,2232,1
ACO,160,160,0.3,1,1.3376130999531597,434184,0,16391,0
BFS,160,160,0.3,2,0.04791649989783764,2112088,318,17550,1
DFS,160,160,0.3,2,0.047104000113904476,1400456,2486,9253,1
Astar,160,160,0.3,2,0.011571599985472858,338136,318,2206,1
ACO,160,160,0.3,2,1.25762350007426,430200,0,13598,0
BFS,160,160,0.3,3,0.050620100111700594,2121368,318,17696,1
DFS,160,160,0.3,3,0.0372948000440374,1248840,2014,7092,1
Astar,160,160,0.3,3,0.026880000019446015,599048,318,3279,1
ACO,160,160,0.3,3,1.4637747999513522,442320,0,14070,0
BFS,160,160,0.3,4,0.04831049998756498,2112920,322,17564,1
DFS,160,160,0.3,4,0.07311170001048595,2003488,1954,14125,1
Astar,160,160,0.3,4,0.0149478999665007,565176,322,2750,1
ACO,160,160,0.3,4,1.286665500025265,432104,0,16339,0
BFS,160,160,0.3,5,0.04868250002618879,2104216,326,17427,1
DFS,160,160,0.3,5,0.08120639994740486,2074480,1366,15943,1
Astar,160,160,0.3,5,0.026839500060305,678952,326,4905,1
ACO,160,160,0.3,5,1.2752661000704393,430176,0,20510,0
BFS,160,160,0.3,6,0.05490099999587983,2119688,326,17677,1
DFS,160,160,0.3,6,0.04758620006032288,1998560,3430,8796,1
Astar,160,160,0.3,6,0.014887399971485138,573336,326,2916,1
ACO,160,160,0.3,6,1.132700299960561,432656,0,14052,0
BFS,160,160,0.3,7,0.04997729999013245,2103816,320,17428,1
DFS,160,160,0.3,7,0.05093510006554425,1996448,1998,10115,1
Astar,160,160,0.3,7,0.03816899994853884,1514808,320,6635,1
ACO,160,160,0.3,7,1.3382536999415606,429432,0,18380,0
BFS,160,160,0.3,8,0.05001150001771748,2115720,318,17616,1
DFS,160,160,0.3,8,0.03430850000586361,1245512,2024,7110,1
Astar,160,160,0.3,8,0.013299799989908934,563800,318,2749,1
ACO,160,160,0.3,8,1.8868888999568298,432384,0,15587,0
BFS,160,160,0.3,9,0.07375280000269413,2115096,322,17596,1
DFS,160,160,0.3,9,0.0997334000421688,1998560,3342,10551,1
Astar,160,160,0.3,9,0.07442870002705604,1611960,322,8210,1
ACO,160,160,0.3,9,1.8973638999741524,439896,0,16457,0
BFS,160,160,0.3,10,0.06901860004290938,2120472,322,17683,1
DFS,160,160,0.3,10,0.04214119992684573,1211080,2706,6072,1
Astar,160,160,0.3,10,0.05890400009229779,1524696,322,6866,1
ACO,160,160,0.3,10,1.8207778999349102,441504,0,21244,0
BFS,160,160,0.3,11,0.06420620006974787,2112472,322,17558,1
DFS,160,160,0.3,11,0.027664899942465127,1199744,1686,4361,1
Astar,160,160,0.3,11,0.036991999950259924,1149520,322,4745,1
ACO,160,160,0.3,11,1.9883880000561476,440304,0,16109,0
BFS,160,160,0.3,12,0.0704714999301359,2121288,324,17703,1
DFS,160,160,0.3,12,0.08235779998358339,1998528,3012,12033,1
Astar,160,160,0.3,12,0.06422389997169375,1579032,324,7416,1
ACO,160,160,0.3,12,2.0165648999391124,433952,0,13702,0
BFS,160,160,0.3,13,0.05787440005224198,2103320,320,17414,1
DFS,160,160,0.3,13,0.014201599988155067,405376,1438,2571,1
Astar,160,160,0.3,13,0.02217070001643151,586056,320,3273,1
ACO,160,160,0.3,13,1.6390476999804378,428016,0,13918,0
BFS,160,160,0.3,14,0.06649360002484173,2108488,322,17499,1
DFS,160,160,0.3,14,0.1552791999420151,2037840,2060,14848,1
Astar,160,160,0.3,14,0.039626199984923005,1512856,322,5618,1
ACO,160,160,0.3,14,1.7903140999842435,431232,0,15385,0
BFS,160,160,0.3,15,0.06358179997187108,2117528,322,17636,1
DFS,160,160,0.3,15,0.056516299955546856,1364808,3424,7891,1
Astar,160,160,0.3,15,0.03353140002582222,679592,322,4733,1
ACO,160,160,0.3,15,1.8882817000849172,432936,0,13503,0
BFS,160,160,0.3,16,0.0599387000547722,2103384,318,17415,1
DFS,160,160,0.3,16,0.02387600007932633,1199744,1864,4250,1
Astar,160,160,0.3,16,0.016036099987104535,567352,318,2568,1
ACO,160,160,0.3,16,1.543593299924396,437040,0,16286,0
BFS,160,160,0.3,17,0.067458700039424,2113560,318,17574,1
DFS,160,160,0.3,17,0.051415299996733665,1257960,1574,7605,1
Astar,160,160,0.3,17,0.010898399981670082,323928,318,1991,1
ACO,160,160,0.3,17,1.515731899999082,431168,0,10200,0
BFS,160,160,0.3,18,0.061407600063830614,2113304,320,17570,1
DFS,160,160,0.3,18,0.03654250002000481,1199680,1766,5933,1
Astar,160,160,0.3,18,0.04170430009253323,1513168,320,5865,1
ACO,160,160,0.3,18,1.4208602000726387,431568,0,8672,0
BFS,160,160,0.3,19,0.055606800015084445,2104856,322,17437,1
DFS,160,160,0.3,19,0.047689400031231344,1314728,3116,7484,1
Astar,160,160,0.3,19,0.03517609997652471,1520152,322,4952,1
ACO,160,160,0.3,19,1.4810307000298053,428816,0,10143,0
BFS,160,160,0.3,20,0.06040670000948012,2096776,318,17319,1
DFS,160,160,0.3,20,0.02127859997563064,446512,1454,3498,1
Astar,160,160,0.3,20,0.026099000009708107,619752,318,3847,1
ACO,160,160,0.3,20,1.8173714999575168,428336,0,7799,0
BFS,160,160,0.4,1,0.04387649998534471,1326656,388,9883,1
DFS,160,160,0.4,1,0.035133900004439056,1192672,820,6232,1
Astar,160,160,0.4,1,0.04284620005637407,1519600,388,7074,1
ACO,160,160,0.4,1,1.8325217999517918,367928,0,14756,0
BFS,160,160,0.4,2,0.039832500042393804,1355184,420,10327,1
DFS,160,160,0.4,2,0.014297800022177398,402976,778,2368,1
Astar,160,160,0.4,2,0.051896699937060475,1520664,420,7395,1
ACO,160,160,0.4,2,1.6599920999724418,371600,0,7893,0
BFS,160,160,0.4,3,0.028944300021976233,1388800,388,10866,1
DFS,160,160,0.4,3,0.011434499989263713,401728,668,2991,1
Astar,160,160,0.4,3,0.02851960004772991,1531760,388,5529,1
ACO,160,160,0.4,3,1.300639999913983,370208,0,13259,0
BFS,160,160,0.4,4,0.029402200016193092,1982232,366,11616,1
DFS,160,160,0.4,4,0.046019600005820394,1311752,1038,9043,1
Astar,160,160,0.4,4,0.028501999913714826,1521904,366,5702,1
ACO,160,160,0.4,4,1.290332300006412,371360,0,8579,0
BFS,160,160,0.4,5,0.011871199938468635,1189768,446,5616,1
DFS,160,160,0.4,5,0.014341200003400445,422320,704,3879,1
Astar,160,160,0.4,5,0.02306419995147735,1196200,446,4963,1
ACO,160,160,0.4,5,1.2363008999964222,367832,0,11208,0
BFS,160,160,0.4,6,0.02736970002297312,1383088,402,10780,1
DFS,160,160,0.4,6,0.020221799961291254,992464,660,4956,1
Astar,160,160,0.4,6,0.04064040002413094,1594296,402,8309,1
ACO,160,160,0.4,6,1.182668299996294,366248,0,10579,0
BFS,160,160,0.4,7,0.023534700041636825,1327152,456,9901,1
DFS,160,160,0.4,7,0.029610599973239005,1192192,794,6879,1
Astar,160,160,0.4,7,0.036729599931277335,1519768,456,7056,1
ACO,160,160,0.4,7,1.342791400034912,371336,0,9767,0
BFS,160,160,0.4,8,0.0293036000803113,1387136,482,10833,1
DFS,160,160,0.4,8,0.03951259993482381,1247144,704,8300,1
Astar,160,160,0.4,8,0.07348190003540367,1764600,482,10009,1
ACO,160,160,0.4,8,1.460318100056611,369512,0,13871,0
BFS,160,160,0.4,9,0.029997800011187792,1982232,446,11343,1
DFS,160,160,0.4,9,0.012507600011304021,402528,1018,3229,1
Astar,160,160,0.4,9,0.032481799949891865,1558416,446,6477,1
ACO,160,160,0.4,9,1.2574950000271201,370904,0,16922,0
BFS,160,160,0.4,10,0.030738399946130812,1982232,378,11563,1
DFS,160,160,0.4,10,0.011251899995841086,402528,832,2772,1
Astar,160,160,0.4,10,0.023501600022427738,661096,378,4907,1
ACO,160,160,0.4,10,1.2250962000107393,371768,0,10450,0
BFS,160,160,0.4,11,0.017157699912786484,1189832,412,7018,1
DFS,160,160,0.4,11,0.013211100012995303,402304,994,3225,1
Astar,160,160,0.4,11,0.021888400078751147,642568,412,4522,1
ACO,160,160,0.4,11,1.2536784999538213,368528,0,10489,0
BFS,160,160,0.4,12,0.026643099961802363,1333888,442,9995,1
DFS,160,160,0.4,12,0.029189700027927756,1191648,868,6544,1
Astar,160,160,0.4,12,0.026991000049747527,1547152,442,5473,1
ACO,160,160,0.4,12,1.2564673000015318,369512,0,6950,0
BFS,160,160,0.4,13,0.03327730007003993,1982168,498,12095,1
DFS,160,160,0.4,13,0.03419039992149919,1193888,1096,7017,1
Astar,160,160,0.4,13,0.04493670002557337,1590200,498,7978,1
ACO,160,160,0.4,13,1.175679099978879,374528,0,8278,0
BFS,160,160,0.4,14,0.017673299997113645,1189832,426,6769,1
DFS,160,160,0.4,14,0.0074887999799102545,244096,844,2100,1
Astar,160,160,0.4,14,0.023645099950954318,1176488,426,4938,1
ACO,160,160,0.4,14,1.3604483000235632,371072,0,10916,0
BFS,160,160,0.4,15,0.0297431000508368,1390208,396,10870,1
DFS,160,160,0.4,15,0.01999150007031858,993808,894,4627,1
Astar,160,160,0.4,15,0.027974699973128736,1526736,396,5770,1
ACO,160,160,0.4,15,1.2457179999910295,371768,0,7550,0
BFS,160,160,0.4,16,0.02557140006683767,1348336,488,10232,1
DFS,160,160,0.4,16,0.01886079995892942,994384,1026,4527,1
Astar,160,160,0.4,16,0.03597139997873455,1527000,488,6997,1
ACO,160,160,0.4,16,1.2812111999373883,370040,0,15214,0
BFS,160,160,0.4,17,0.028709399979561567,1982232,472,11301,1
DFS,160,160,0.4,17,0.010698799975216389,403008,762,2816,1
Astar,160,160,0.4,17,0.05137300002388656,1711576,472,9542,1
ACO,160,160,0.4,17,1.2569119000108913,370448,0,12972,0
BFS,160,160,0.4,18,0.025780800031498075,1336432,424,10024,1
DFS,160,160,0.4,18,0.01244239998050034,402144,816,3278,1
Astar,160,160,0.4,18,0.02733259997330606,1540880,424,5444,1
ACO,160,160,0.4,18,1.3134775999933481,370880,0,16753,0
BFS,160,160,0.4,19,0.022072299965657294,1233392,446,8427,1
DFS,160,160,0.4,19,0.030185099923983216,1191616,716,6288,1
Astar,160,160,0.4,19,0.025780300027690828,1559184,446,5445,1
ACO,160,160,0.4,19,1.1542908999836072,370184,0,10071,0
BFS,160,160,0.4,20,0.017482499941252172,1207728,460,8041,1
DFS,160,160,0.4,20,0.01979300007224083,464048,696,4499,1
Astar,160,160,0.4,20,0.034508600016124547,1546000,460,6656,1
ACO,160,160,0.4,20,1.2749963999958709,367784,0,11664,0
